Contract Name,Last Trade Date,Strike,Last Price,Bid,Ask,Change,% Change,Volume,Open Interest,Implied Volatility,Expiration Date,Spot
AAPL230210C00050000,2023-02-03 3:20PM EST,50.0,105.0,104.2,104.85,20.31,+23.98%,8,3,289.06%,1,154.5
AAPL230210C00055000,2023-01-19 11:11AM EST,55.0,80.23,99.2,99.85,0.0,-,-,1,265.63%,1,154.5
AAPL230210C00070000,2023-01-27 1:49PM EST,70.0,76.39,84.25,84.85,0.0,-,1,0,221.88%,1,154.5
AAPL230210C00075000,2023-01-20 12:00PM EST,75.0,60.48,79.25,79.85,0.0,-,1,1,203.91%,1,154.5
AAPL230210C00080000,2023-02-03 10:33AM EST,80.0,77.9,74.25,74.85,13.06,+20.14%,1,1,186.72%,1,154.5
AAPL230210C00085000,2023-01-03 11:01AM EST,85.0,41.5,64.9,65.3,0.0,-,-,1,0.00%,1,154.5
AAPL230210C00090000,2023-02-03 11:13AM EST,90.0,66.05,64.25,64.85,18.53,+38.99%,5,2,155.47%,1,154.5
AAPL230210C00100000,2023-02-03 1:41PM EST,100.0,54.8,54.25,54.9,11.49,+26.53%,29,14,134.38%,1,154.5
AAPL230210C00105000,2023-02-03 11:20AM EST,105.0,50.95,49.25,49.9,18.53,+57.16%,1,37,120.70%,1,154.5
AAPL230210C00110000,2023-02-03 3:02PM EST,110.0,44.27,44.25,44.9,3.91,+9.69%,56,39,107.42%,1,154.5
AAPL230210C00113000,2023-02-01 3:13PM EST,113.0,32.1,41.25,41.9,0.0,-,4,31,99.80%,1,154.5
AAPL230210C00114000,2023-02-02 3:45PM EST,114.0,35.87,40.25,40.9,0.0,-,1,7,97.27%,1,154.5
AAPL230210C00115000,2023-02-03 10:14AM EST,115.0,39.9,39.25,39.9,11.45,+40.25%,1,61,94.92%,1,154.5
AAPL230210C00116000,2023-02-01 3:07PM EST,116.0,29.25,38.25,38.9,0.0,-,41,63,92.58%,1,154.5
AAPL230210C00117000,2023-02-03 1:03PM EST,117.0,37.65,37.25,37.9,5.0,+15.31%,6,3,89.84%,1,154.5
AAPL230210C00118000,2023-02-03 3:33PM EST,118.0,37.05,36.25,36.9,12.75,+52.47%,99,121,87.50%,1,154.5
AAPL230210C00119000,2023-02-03 9:33AM EST,119.0,30.6,35.25,35.9,0.46,+1.53%,1,30,85.16%,1,154.5
AAPL230210C00120000,2023-02-03 3:50PM EST,120.0,34.6,34.3,34.9,4.4,+14.57%,566,138,86.13%,1,154.5
AAPL230210C00121000,2023-02-02 12:17PM EST,121.0,29.05,33.3,33.9,0.0,-,8,28,83.59%,1,154.5
AAPL230210C00122000,2023-02-03 10:36AM EST,122.0,35.15,32.3,32.9,7.8,+28.52%,8,69,81.25%,1,154.5
AAPL230210C00123000,2023-02-02 11:33AM EST,123.0,27.41,31.3,31.9,0.0,-,2,90,78.71%,1,154.5
AAPL230210C00124000,2023-02-03 9:59AM EST,124.0,28.81,30.3,30.9,3.31,+12.98%,1,136,76.37%,1,154.5
AAPL230210C00125000,2023-02-03 3:29PM EST,125.0,30.09,29.3,29.9,4.88,+19.36%,31,406,73.83%,1,154.5
AAPL230210C00126000,2023-02-03 3:22PM EST,126.0,29.4,28.3,28.9,4.85,+19.76%,6,87,71.48%,1,154.5
AAPL230210C00127000,2023-02-03 2:34PM EST,127.0,28.1,27.3,27.95,5.65,+25.17%,40,281,71.48%,1,154.5
AAPL230210C00128000,2023-02-03 1:49PM EST,128.0,27.41,26.3,26.95,5.11,+22.91%,60,342,69.14%,1,154.5
AAPL230210C00129000,2023-02-03 3:57PM EST,129.0,26.0,25.3,25.95,4.65,+21.78%,244,206,66.60%,1,154.5
AAPL230210C00130000,2023-02-03 3:48PM EST,130.0,24.46,24.3,24.9,4.27,+21.15%,493,1196,61.91%,1,154.5
AAPL230210C00131000,2023-02-03 3:30PM EST,131.0,24.02,23.35,23.85,4.57,+23.50%,531,461,59.57%,1,154.5
AAPL230210C00132000,2023-02-03 3:51PM EST,132.0,22.7,22.35,22.9,4.95,+27.89%,313,851,59.38%,1,154.5
AAPL230210C00133000,2023-02-03 3:55PM EST,133.0,21.87,21.35,21.9,3.72,+20.50%,295,1451,56.93%,1,154.5
AAPL230210C00134000,2023-02-03 3:59PM EST,134.0,20.82,20.3,20.75,4.35,+26.41%,235,863,62.01%,1,154.5
AAPL230210C00135000,2023-02-03 3:49PM EST,135.0,19.55,19.3,19.85,3.25,+19.94%,221,1426,63.77%,1,154.5
AAPL230210C00136000,2023-02-03 3:47PM EST,136.0,18.63,18.4,18.95,4.26,+29.65%,203,8889,52.83%,1,154.5
AAPL230210C00137000,2023-02-03 3:47PM EST,137.0,17.75,17.4,17.95,3.82,+27.42%,204,3060,50.39%,1,154.5
AAPL230210C00138000,2023-02-03 3:59PM EST,138.0,16.68,16.4,16.95,4.04,+31.96%,464,1513,58.84%,1,154.5
AAPL230210C00139000,2023-02-03 3:56PM EST,139.0,15.99,15.4,16.0,3.86,+31.82%,247,1307,57.47%,1,154.5
AAPL230210C00140000,2023-02-03 3:59PM EST,140.0,14.6,14.5,14.95,3.45,+30.94%,1467,3143,53.03%,1,154.5
AAPL230210C00141000,2023-02-03 3:59PM EST,141.0,13.73,13.45,14.0,2.93,+27.13%,382,1704,51.56%,1,154.5
AAPL230210C00142000,2023-02-03 3:58PM EST,142.0,13.0,12.45,13.0,3.29,+33.88%,1154,6849,48.58%,1,154.5
AAPL230210C00143000,2023-02-03 3:57PM EST,143.0,12.25,11.5,12.05,3.15,+34.62%,881,2301,46.88%,1,154.5
AAPL230210C00144000,2023-02-03 3:58PM EST,144.0,11.0,10.55,11.0,2.64,+31.58%,1106,2446,42.58%,1,154.5
AAPL230210C00145000,2023-02-03 3:59PM EST,145.0,9.95,9.65,10.05,2.35,+30.92%,2902,4038,40.72%,1,154.5
AAPL230210C00146000,2023-02-03 3:58PM EST,146.0,9.12,8.8,9.15,2.22,+32.17%,1798,3109,39.70%,1,154.5
AAPL230210C00147000,2023-02-03 3:59PM EST,147.0,8.18,7.85,8.2,2.12,+34.98%,2534,3363,37.40%,1,154.5
AAPL230210C00148000,2023-02-03 3:53PM EST,148.0,7.45,7.05,7.3,2.0,+36.70%,4208,2439,35.79%,1,154.5
AAPL230210C00149000,2023-02-03 3:59PM EST,149.0,6.56,6.1,6.5,1.61,+32.53%,5923,3530,35.50%,1,154.5
AAPL230210C00150000,2023-02-03 3:59PM EST,150.0,5.55,5.5,5.65,1.05,+23.33%,30360,13315,33.94%,1,154.5
AAPL230210C00152500,2023-02-03 3:59PM EST,152.5,3.82,3.75,3.9,0.52,+15.76%,39335,8619,32.86%,1,154.5
AAPL230210C00155000,2023-02-03 3:59PM EST,155.0,2.43,2.41,2.45,-0.05,-2.02%,91159,11796,31.49%,1,154.5
AAPL230210C00157500,2023-02-03 3:59PM EST,157.5,1.43,1.43,1.46,-0.32,-18.29%,87527,18169,31.32%,1,154.5
AAPL230210C00160000,2023-02-03 3:59PM EST,160.0,0.81,0.81,0.82,-0.44,-35.20%,107200,26553,31.47%,1,154.5
AAPL230210C00162500,2023-02-03 3:59PM EST,162.5,0.44,0.44,0.45,-0.46,-51.11%,37616,14307,32.08%,1,154.5
AAPL230210C00165000,2023-02-03 3:59PM EST,165.0,0.24,0.24,0.25,-0.43,-64.18%,42153,19636,33.15%,1,154.5
AAPL230210C00170000,2023-02-03 3:59PM EST,170.0,0.09,0.08,0.09,-0.33,-78.57%,20597,5787,36.33%,1,154.5
AAPL230210C00175000,2023-02-03 3:59PM EST,175.0,0.05,0.04,0.05,-0.25,-83.33%,5763,3823,41.41%,1,154.5
AAPL230210C00180000,2023-02-03 3:59PM EST,180.0,0.02,0.02,0.03,-0.2,-90.91%,12277,5462,46.09%,1,154.5
AAPL230210C00185000,2023-02-03 3:54PM EST,185.0,0.01,0.01,0.02,-0.16,-94.12%,1378,1236,50.78%,1,154.5
AAPL230210C00190000,2023-02-03 3:53PM EST,190.0,0.02,0.01,0.03,-0.11,-84.62%,1038,920,57.42%,1,154.5
AAPL230210C00195000,2023-02-03 3:49PM EST,195.0,0.02,0.01,0.02,-0.09,-81.82%,1114,990,61.72%,1,154.5
AAPL230210C00200000,2023-02-03 3:59PM EST,200.0,0.01,0.0,0.01,-0.08,-88.89%,2248,1493,60.94%,1,154.5
AAPL230210C00210000,2023-02-03 11:31AM EST,210.0,0.02,0.0,0.01,-0.05,-71.43%,24,1098,71.88%,1,154.5
AAPL230210C00215000,2023-02-03 12:46PM EST,215.0,0.01,0.0,0.02,-0.04,-80.00%,297,971,81.25%,1,154.5
AAPL230210C00240000,2023-01-27 3:39PM EST,240.0,0.01,0.0,0.01,0.0,-,90,90,98.44%,1,154.5
AAPL230210C00245000,2023-01-31 9:30AM EST,245.0,0.03,0.0,0.01,0.0,-,10,11,103.13%,1,154.5
AAPL230210C00250000,2023-02-03 10:45AM EST,250.0,0.01,0.0,0.01,-0.01,-50.00%,2,265,106.25%,1,154.5
AAPL230217C00045000,2023-01-10 11:52AM EST,45.0,83.9,109.3,109.8,0.0,-,1,52,239.06%,2,154.5
AAPL230217C00050000,2023-02-03 1:20PM EST,50.0,104.9,104.3,104.85,19.59,+22.96%,101,4904,229.69%,2,154.5
AAPL230217C00055000,2023-01-24 9:30AM EST,55.0,87.0,99.3,99.85,0.0,-,1,2963,210.94%,2,154.5
AAPL230217C00060000,2023-01-26 2:24PM EST,60.0,83.8,94.3,94.85,0.0,-,191,2471,193.75%,2,154.5
AAPL230217C00065000,2023-01-26 2:22PM EST,65.0,78.85,89.3,89.85,0.0,-,70,1409,178.52%,2,154.5
AAPL230217C00070000,2023-02-02 12:26PM EST,70.0,80.05,84.3,84.85,0.0,-,11,363,164.06%,2,154.5
AAPL230217C00075000,2023-02-02 1:40PM EST,75.0,75.3,79.35,79.85,0.0,-,5,738,156.25%,2,154.5
AAPL230217C00080000,2023-02-03 10:28AM EST,80.0,76.17,74.35,74.85,11.95,+18.61%,1,483,143.36%,2,154.5
AAPL230217C00085000,2023-01-31 3:13PM EST,85.0,58.8,69.3,69.85,0.0,-,76,1008,126.56%,2,154.5
AAPL230217C00090000,2023-02-03 10:42AM EST,90.0,66.66,64.3,64.85,6.28,+10.40%,1,1893,115.63%,2,154.5
AAPL230217C00095000,2023-02-02 12:06PM EST,95.0,54.7,59.3,59.85,0.0,-,1,4706,105.08%,2,154.5
AAPL230217C00100000,2023-02-03 3:16PM EST,100.0,54.88,54.3,54.85,5.18,+10.42%,53,2225,94.92%,2,154.5
AAPL230217C00105000,2023-02-03 2:40PM EST,105.0,50.75,49.35,49.85,6.35,+14.30%,29,631,88.48%,2,154.5
AAPL230217C00110000,2023-02-03 1:46PM EST,110.0,44.68,44.35,44.9,5.62,+14.39%,106,1825,81.54%,2,154.5
AAPL230217C00115000,2023-02-03 3:49PM EST,115.0,39.79,39.4,39.9,4.57,+12.98%,74,1143,74.12%,2,154.5
AAPL230217C00116000,2023-01-30 10:57AM EST,116.0,28.1,38.4,38.9,0.0,-,1,1,72.27%,2,154.5
AAPL230217C00118000,2023-01-27 9:34AM EST,118.0,26.5,36.4,36.9,0.0,-,1,6,68.46%,2,154.5
AAPL230217C00120000,2023-02-03 3:18PM EST,120.0,35.2,34.4,34.9,5.2,+17.33%,100,3349,64.75%,2,154.5
AAPL230217C00121000,2023-02-01 1:46PM EST,121.0,21.67,33.4,33.9,0.0,-,1,14,62.89%,2,154.5
AAPL230217C00123000,2023-02-01 3:31PM EST,123.0,22.8,31.4,31.9,0.0,-,3,3,59.28%,2,154.5
AAPL230217C00124000,2023-02-01 2:34PM EST,124.0,18.45,30.4,30.9,0.0,-,9,6,57.42%,2,154.5
AAPL230217C00125000,2023-02-03 3:57PM EST,125.0,30.06,29.4,29.9,4.81,+19.05%,131,12398,55.66%,2,154.5
AAPL230217C00126000,2023-02-03 2:44PM EST,126.0,29.45,28.45,28.95,6.21,+26.72%,2,71,56.64%,2,154.5
AAPL230217C00127000,2023-02-03 11:14AM EST,127.0,29.28,27.45,27.95,7.01,+31.48%,13,73,54.79%,2,154.5
AAPL230217C00128000,2023-02-02 9:54AM EST,128.0,21.3,26.45,26.95,0.0,-,2,66,52.93%,2,154.5
AAPL230217C00129000,2023-02-03 1:04PM EST,129.0,26.1,25.45,25.95,4.3,+19.72%,6,41,51.07%,2,154.5
AAPL230217C00130000,2023-02-03 3:59PM EST,130.0,24.7,24.45,24.95,3.7,+17.62%,345,23516,58.01%,2,154.5
AAPL230217C00131000,2023-02-03 3:26PM EST,131.0,24.43,23.45,23.95,5.18,+26.91%,9,298,55.91%,2,154.5
AAPL230217C00132000,2023-02-03 3:23PM EST,132.0,23.23,22.5,22.95,5.51,+31.09%,23,50,53.86%,2,154.5
AAPL230217C00133000,2023-02-03 3:24PM EST,133.0,22.27,21.5,22.0,5.59,+33.51%,34,174,53.13%,2,154.5
AAPL230217C00134000,2023-02-03 3:30PM EST,134.0,21.1,20.5,21.0,4.14,+24.41%,8,89,51.03%,2,154.5
AAPL230217C00135000,2023-02-03 3:59PM EST,135.0,19.92,19.5,20.05,3.42,+20.73%,1559,40388,50.15%,2,154.5
AAPL230217C00136000,2023-02-03 3:32PM EST,136.0,19.14,18.55,19.05,5.2,+37.30%,31,211,48.00%,2,154.5
AAPL230217C00137000,2023-02-03 3:41PM EST,137.0,18.4,17.65,18.05,4.65,+33.82%,104,288,45.90%,2,154.5
AAPL230217C00138000,2023-02-03 3:59PM EST,138.0,17.09,16.65,17.1,4.19,+32.48%,42,714,44.82%,2,154.5
AAPL230217C00139000,2023-02-03 3:56PM EST,139.0,16.22,15.65,16.1,3.77,+30.28%,47,4701,42.68%,2,154.5
AAPL230217C00140000,2023-02-03 3:58PM EST,140.0,15.15,14.7,15.2,3.15,+26.25%,5173,42000,42.33%,2,154.5
AAPL230217C00141000,2023-02-03 3:58PM EST,141.0,14.26,13.85,14.25,4.0,+38.99%,218,1698,40.94%,2,154.5
AAPL230217C00142000,2023-02-03 3:57PM EST,142.0,13.42,12.85,13.3,3.37,+33.53%,302,5460,39.48%,2,154.5
AAPL230217C00143000,2023-02-03 3:59PM EST,143.0,12.35,11.95,12.4,3.1,+33.51%,345,2909,38.67%,2,154.5
AAPL230217C00144000,2023-02-03 3:56PM EST,144.0,11.51,11.05,11.45,2.81,+32.30%,304,4627,36.99%,2,154.5
AAPL230217C00145000,2023-02-03 3:59PM EST,145.0,10.5,10.25,10.6,2.5,+31.25%,4309,31940,36.52%,2,154.5
AAPL230217C00146000,2023-02-03 3:58PM EST,146.0,9.75,9.4,9.75,2.9,+42.34%,699,3413,35.79%,2,154.5
AAPL230217C00147000,2023-02-03 3:50PM EST,147.0,8.75,8.6,8.85,2.25,+34.62%,1406,4445,34.30%,2,154.5
AAPL230217C00148000,2023-02-03 3:59PM EST,148.0,8.05,7.85,8.05,1.95,+31.97%,2312,3292,33.72%,2,154.5
AAPL230217C00149000,2023-02-03 3:58PM EST,149.0,7.41,7.1,7.3,1.76,+31.15%,1150,2894,33.37%,2,154.5
AAPL230217C00150000,2023-02-03 3:59PM EST,150.0,6.5,6.4,6.65,1.45,+28.71%,33020,50838,33.67%,2,154.5
AAPL230217C00152500,2023-02-03 3:59PM EST,152.5,5.0,4.75,4.9,1.35,+36.99%,7960,6576,31.84%,2,154.5
AAPL230217C00155000,2023-02-03 3:59PM EST,155.0,3.49,3.45,3.55,0.69,+24.64%,22587,46662,31.38%,2,154.5
AAPL230217C00157500,2023-02-03 3:59PM EST,157.5,2.4,2.37,2.43,0.35,+17.07%,25207,5033,30.69%,2,154.5
AAPL230217C00160000,2023-02-03 3:59PM EST,160.0,1.58,1.57,1.62,0.08,+5.33%,37378,24730,30.49%,2,154.5
AAPL230217C00162500,2023-02-03 3:59PM EST,162.5,1.04,1.01,1.04,-0.09,-7.96%,14345,9144,30.40%,2,154.5
AAPL230217C00165000,2023-02-03 3:59PM EST,165.0,0.65,0.63,0.66,-0.12,-15.58%,23557,22709,30.59%,2,154.5
AAPL230217C00170000,2023-02-03 3:59PM EST,170.0,0.26,0.25,0.27,-0.19,-42.22%,9484,11235,31.74%,2,154.5
AAPL230217C00175000,2023-02-03 3:59PM EST,175.0,0.11,0.1,0.12,-0.2,-64.52%,40600,14375,33.50%,2,154.5
AAPL230217C00180000,2023-02-03 3:59PM EST,180.0,0.06,0.05,0.07,-0.17,-73.91%,5458,12805,36.52%,2,154.5
AAPL230217C00185000,2023-02-03 3:08PM EST,185.0,0.04,0.04,0.05,-0.15,-78.95%,429,7448,40.23%,2,154.5
AAPL230217C00190000,2023-02-03 3:35PM EST,190.0,0.03,0.03,0.04,-0.09,-75.00%,1270,5335,43.95%,2,154.5
AAPL230217C00195000,2023-02-03 3:35PM EST,195.0,0.02,0.02,0.03,-0.09,-81.82%,774,4467,47.27%,2,154.5
AAPL230217C00200000,2023-02-03 3:58PM EST,200.0,0.03,0.02,0.03,-0.07,-70.00%,1464,10905,50.78%,2,154.5
AAPL230217C00205000,2023-02-03 3:56PM EST,205.0,0.03,0.01,0.03,-0.05,-62.50%,707,4897,53.52%,2,154.5
AAPL230217C00210000,2023-02-03 11:00AM EST,210.0,0.02,0.0,0.03,-0.04,-66.67%,324,2580,56.25%,2,154.5
AAPL230217C00215000,2023-02-03 12:27PM EST,215.0,0.02,0.0,0.03,-0.03,-60.00%,251,2981,59.77%,2,154.5
AAPL230217C00220000,2023-02-03 3:54PM EST,220.0,0.01,0.0,0.01,-0.03,-75.00%,807,2725,57.81%,2,154.5
AAPL230217C00225000,2023-02-03 10:26AM EST,225.0,0.01,0.0,0.02,-0.02,-66.67%,522,2347,64.06%,2,154.5
AAPL230217C00230000,2023-02-03 10:15AM EST,230.0,0.02,0.0,0.01,0.0,-,1,641,64.06%,2,154.5
AAPL230217C00235000,2023-02-02 3:14PM EST,235.0,0.02,0.0,0.01,0.0,-,91,571,67.19%,2,154.5
AAPL230217C00240000,2023-02-02 1:41PM EST,240.0,0.02,0.0,0.01,0.0,-,68,294,70.31%,2,154.5
AAPL230217C00245000,2023-02-02 3:25PM EST,245.0,0.02,0.0,0.01,0.0,-,5,262,73.44%,2,154.5
AAPL230217C00250000,2023-02-02 2:47PM EST,250.0,0.01,0.0,0.01,0.0,-,104,681,75.00%,2,154.5
AAPL230217C00255000,2023-02-03 1:11PM EST,255.0,0.01,0.0,0.02,0.0,-,1,623,83.59%,2,154.5
AAPL230217C00260000,2023-02-02 3:34PM EST,260.0,0.01,0.0,0.01,0.0,-,1,315,81.25%,2,154.5
AAPL230217C00265000,2023-02-02 12:29PM EST,265.0,0.01,0.0,0.01,0.0,-,100,347,84.38%,2,154.5
AAPL230217C00270000,2022-12-14 3:16PM EST,270.0,0.01,0.0,0.01,0.0,-,1,145,87.50%,2,154.5
AAPL230217C00275000,2023-01-10 10:02AM EST,275.0,0.01,0.0,0.01,0.0,-,400,637,90.63%,2,154.5
AAPL230217C00280000,2023-01-06 9:47AM EST,280.0,0.01,0.0,0.01,0.0,-,400,424,92.19%,2,154.5
AAPL230217C00285000,2023-01-04 3:09PM EST,285.0,0.01,0.0,0.01,0.0,-,250,652,93.75%,2,154.5
AAPL230217C00290000,2023-01-04 1:16PM EST,290.0,0.01,0.0,0.01,0.0,-,350,512,96.88%,2,154.5
AAPL230217C00295000,2023-01-04 9:34AM EST,295.0,0.01,0.0,0.01,0.0,-,300,1052,98.44%,2,154.5
AAPL230217C00300000,2023-02-03 3:43PM EST,300.0,0.01,0.0,0.01,-0.02,-66.67%,15,1365,103.13%,2,154.5
AAPL230224C00055000,2023-01-25 9:45AM EST,55.0,85.23,99.25,99.85,0.0,-,-,11,164.84%,3,154.5
AAPL230224C00060000,2023-01-25 9:45AM EST,60.0,80.26,94.35,94.85,0.0,-,1,11,164.06%,3,154.5
AAPL230224C00065000,2023-01-10 11:40AM EST,65.0,64.15,89.3,89.85,0.0,-,-,1,145.70%,3,154.5
AAPL230224C00080000,2023-01-25 11:07AM EST,80.0,59.42,74.3,74.85,0.0,-,1,3,112.89%,3,154.5
AAPL230224C00100000,2023-02-03 11:09AM EST,100.0,55.85,54.35,54.9,12.62,+29.19%,1,5,82.81%,3,154.5
AAPL230224C00105000,2023-01-17 3:19PM EST,105.0,31.27,49.35,49.9,0.0,-,1,1,74.61%,3,154.5
AAPL230224C00110000,2023-02-03 3:39PM EST,110.0,44.85,44.35,44.9,9.65,+27.41%,1,20,66.60%,3,154.5
AAPL230224C00113000,2023-02-03 11:09AM EST,113.0,42.9,41.4,41.95,10.78,+33.56%,1,10,65.14%,3,154.5
AAPL230224C00114000,2023-01-11 10:28AM EST,114.0,19.72,40.4,40.95,0.0,-,-,9,63.57%,3,154.5
AAPL230224C00115000,2023-01-30 12:31PM EST,115.0,29.0,39.4,39.95,0.0,-,2,3,62.01%,3,154.5
AAPL230224C00116000,2023-01-19 1:03PM EST,116.0,20.0,38.4,38.95,0.0,-,-,2,60.45%,3,154.5
AAPL230224C00118000,2023-01-17 3:13PM EST,118.0,18.95,36.45,36.95,0.0,-,2,12,58.59%,3,154.5
AAPL230224C00119000,2023-02-02 9:32AM EST,119.0,30.07,35.45,36.0,0.0,-,1,2,58.11%,3,154.5
AAPL230224C00120000,2023-02-03 2:01PM EST,120.0,35.32,34.45,35.0,4.92,+16.18%,8,56,56.54%,3,154.5
AAPL230224C00121000,2023-01-30 1:11PM EST,121.0,23.0,33.45,34.0,0.0,-,1,2,54.98%,3,154.5
AAPL230224C00122000,2023-01-30 9:46AM EST,122.0,22.95,32.45,33.0,0.0,-,1,5,53.42%,3,154.5
AAPL230224C00123000,2023-02-02 10:17AM EST,123.0,25.96,31.45,32.0,0.0,-,1,14,51.86%,3,154.5
AAPL230224C00124000,2023-02-02 10:32AM EST,124.0,25.74,30.5,31.05,0.0,-,7,19,52.15%,3,154.5
AAPL230224C00125000,2023-02-03 10:25AM EST,125.0,31.46,29.5,30.05,6.45,+25.79%,2,204,50.59%,3,154.5
AAPL230224C00126000,2023-02-02 9:43AM EST,126.0,23.92,28.5,29.05,-0.03,-0.13%,1,40,56.54%,3,154.5
AAPL230224C00127000,2023-02-03 10:15AM EST,127.0,28.1,27.55,28.05,4.38,+18.47%,4,54,54.79%,3,154.5
AAPL230224C00128000,2023-02-03 3:07PM EST,128.0,26.76,26.55,27.1,4.32,+19.25%,10,250,54.15%,3,154.5
AAPL230224C00129000,2023-02-03 9:54AM EST,129.0,23.4,25.55,26.1,1.7,+7.83%,5,188,52.34%,3,154.5
AAPL230224C00130000,2023-02-03 11:59AM EST,130.0,26.04,24.6,25.1,4.47,+20.72%,9,299,50.59%,3,154.5
AAPL230224C00131000,2023-02-03 3:49PM EST,131.0,23.71,23.65,24.15,4.77,+25.18%,22,60,49.81%,3,154.5
AAPL230224C00132000,2023-02-03 2:21PM EST,132.0,23.3,22.6,23.15,4.71,+25.34%,91,166,48.05%,3,154.5
AAPL230224C00133000,2023-02-03 3:40PM EST,133.0,22.26,21.65,22.2,4.71,+26.84%,21,430,47.17%,3,154.5
AAPL230224C00134000,2023-02-03 3:52PM EST,134.0,21.02,20.7,21.2,4.92,+30.56%,40,275,45.36%,3,154.5
AAPL230224C00135000,2023-02-03 3:42PM EST,135.0,20.5,19.8,20.25,4.39,+27.25%,52,1145,44.39%,3,154.5
AAPL230224C00136000,2023-02-03 12:07PM EST,136.0,19.2,18.75,19.3,4.48,+30.43%,53,461,43.34%,3,154.5
AAPL230224C00137000,2023-02-03 3:22PM EST,137.0,18.5,17.9,18.25,3.9,+26.71%,18,740,40.75%,3,154.5
AAPL230224C00138000,2023-02-03 3:41PM EST,138.0,17.54,16.9,17.35,4.39,+33.38%,17,1453,40.38%,3,154.5
AAPL230224C00139000,2023-02-03 12:37PM EST,139.0,17.75,15.9,16.45,5.25,+42.00%,10,259,39.84%,3,154.5
AAPL230224C00140000,2023-02-03 3:54PM EST,140.0,15.47,14.95,15.4,3.77,+32.22%,383,2905,37.31%,3,154.5
AAPL230224C00141000,2023-02-03 3:59PM EST,141.0,14.48,14.05,14.55,3.56,+32.60%,363,1938,37.23%,3,154.5
AAPL230224C00142000,2023-02-03 3:57PM EST,142.0,13.75,13.25,13.65,3.45,+33.50%,272,1162,36.43%,3,154.5
AAPL230224C00143000,2023-02-03 3:59PM EST,143.0,12.59,12.3,12.75,3.34,+36.11%,103,1020,35.47%,3,154.5
AAPL230224C00144000,2023-02-03 3:50PM EST,144.0,11.63,11.45,11.9,2.63,+29.22%,603,1153,34.94%,3,154.5
AAPL230224C00145000,2023-02-03 3:58PM EST,145.0,11.03,10.6,11.05,2.79,+33.86%,505,1628,34.24%,3,154.5
AAPL230224C00146000,2023-02-03 3:58PM EST,146.0,10.0,9.85,10.1,2.6,+35.14%,471,904,32.50%,3,154.5
AAPL230224C00147000,2023-02-03 3:55PM EST,147.0,9.65,8.95,9.4,2.95,+44.03%,449,770,32.84%,3,154.5
AAPL230224C00148000,2023-02-03 3:59PM EST,148.0,8.45,8.3,8.65,2.15,+34.13%,115,2322,32.50%,3,154.5
AAPL230224C00149000,2023-02-03 3:51PM EST,149.0,7.65,7.55,7.85,1.9,+33.04%,479,887,31.58%,3,154.5
AAPL230224C00150000,2023-02-03 3:59PM EST,150.0,7.03,6.8,7.2,1.82,+34.93%,3101,7327,31.62%,3,154.5
AAPL230224C00152500,2023-02-03 3:59PM EST,152.5,5.52,5.3,5.45,1.47,+36.30%,1916,1229,29.81%,3,154.5
AAPL230224C00155000,2023-02-03 3:59PM EST,155.0,4.0,3.95,4.05,1.07,+36.52%,4332,4383,29.00%,3,154.5
AAPL230224C00157500,2023-02-03 3:56PM EST,157.5,3.05,2.84,2.91,0.74,+32.03%,3109,1592,28.42%,3,154.5
AAPL230224C00160000,2023-02-03 3:59PM EST,160.0,2.04,1.96,2.04,0.38,+22.89%,5607,2753,28.15%,3,154.5
AAPL230224C00162500,2023-02-03 3:59PM EST,162.5,1.38,1.32,1.39,0.13,+10.40%,2184,1280,27.98%,3,154.5
AAPL230224C00165000,2023-02-03 3:58PM EST,165.0,0.95,0.87,0.92,0.05,+5.56%,7038,2989,27.91%,3,154.5
AAPL230224C00170000,2023-02-03 3:59PM EST,170.0,0.4,0.38,0.4,-0.12,-23.08%,3570,1986,28.37%,3,154.5
AAPL230224C00175000,2023-02-03 3:56PM EST,175.0,0.19,0.18,0.19,-0.16,-45.71%,1667,974,29.69%,3,154.5
AAPL230224C00180000,2023-02-03 3:56PM EST,180.0,0.1,0.09,0.1,-0.14,-58.33%,440,796,31.45%,3,154.5
AAPL230224C00185000,2023-02-03 3:59PM EST,185.0,0.06,0.05,0.06,-0.12,-66.67%,368,722,33.59%,3,154.5
AAPL230224C00190000,2023-02-03 3:25PM EST,190.0,0.04,0.04,0.05,-0.09,-69.23%,182,325,36.91%,3,154.5
AAPL230224C00195000,2023-02-03 3:31PM EST,195.0,0.03,0.02,0.04,-0.1,-76.92%,1391,943,39.84%,3,154.5
AAPL230224C00200000,2023-02-03 3:45PM EST,200.0,0.03,0.02,0.04,-0.07,-70.00%,366,390,43.56%,3,154.5
AAPL230224C00205000,2023-02-03 2:14PM EST,205.0,0.03,0.01,0.03,-0.06,-66.67%,63,487,45.70%,3,154.5
AAPL230224C00210000,2023-02-03 2:14PM EST,210.0,0.01,0.01,0.03,-0.06,-85.71%,142,490,49.02%,3,154.5
AAPL230224C00215000,2023-02-03 2:34PM EST,215.0,0.02,0.0,0.03,-0.04,-66.67%,7,88,52.34%,3,154.5
AAPL230224C00220000,2023-02-03 2:35PM EST,220.0,0.01,0.01,0.02,-0.04,-80.00%,110,5,51.56%,3,154.5
AAPL230224C00230000,2023-02-03 3:33PM EST,230.0,0.01,0.0,0.02,-0.01,-50.00%,7,1,55.47%,3,154.5
AAPL230224C00250000,2023-02-03 11:42AM EST,250.0,0.01,0.0,0.01,-0.02,-66.67%,1,743,62.50%,3,154.5
AAPL230303C00050000,2023-01-17 10:39AM EST,50.0,86.21,104.25,104.85,0.0,-,3,3,155.08%,4,154.5
AAPL230303C00055000,2023-01-26 3:43PM EST,55.0,88.55,99.25,99.85,0.0,-,-,0,142.19%,4,154.5
AAPL230303C00095000,2023-01-26 11:46AM EST,95.0,47.92,59.35,59.9,0.0,-,-,1,79.30%,4,154.5
AAPL230303C00105000,2023-01-26 1:24PM EST,105.0,38.45,49.45,50.0,0.0,-,-,1,70.51%,4,154.5
AAPL230303C00110000,2023-02-01 3:14PM EST,110.0,35.38,44.45,45.05,0.0,-,2,3,64.26%,4,154.5
AAPL230303C00115000,2023-02-03 12:04PM EST,115.0,41.07,39.5,40.1,5.67,+16.02%,1,32,58.79%,4,154.5
AAPL230303C00118000,2023-01-27 12:32PM EST,118.0,28.9,36.55,37.1,0.0,-,4,4,55.27%,4,154.5
AAPL230303C00120000,2023-02-02 11:46AM EST,120.0,35.71,34.6,35.15,5.31,+17.47%,2,36,53.81%,4,154.5
AAPL230303C00121000,2023-01-19 12:01PM EST,121.0,15.75,33.6,34.15,0.0,-,-,6,52.34%,4,154.5
AAPL230303C00122000,2023-02-02 1:00PM EST,122.0,28.5,32.6,33.15,0.0,-,1,1,50.88%,4,154.5
AAPL230303C00123000,2023-01-20 3:06PM EST,123.0,16.15,31.65,32.15,0.0,-,1,1,50.05%,4,154.5
AAPL230303C00124000,2023-01-27 3:00PM EST,124.0,23.69,30.65,31.2,0.0,-,1,4,54.98%,4,154.5
AAPL230303C00125000,2023-02-03 11:48AM EST,125.0,32.3,29.65,30.2,7.3,+29.20%,4,84,53.37%,4,154.5
AAPL230303C00126000,2023-02-03 9:50AM EST,126.0,26.5,28.7,29.25,3.05,+13.01%,80,9,52.69%,4,154.5
AAPL230303C00127000,2023-02-03 2:54PM EST,127.0,28.35,27.7,28.25,9.39,+49.53%,4,2,51.07%,4,154.5
AAPL230303C00128000,2023-02-03 11:01AM EST,128.0,28.25,26.75,27.25,11.3,+66.67%,1,5,49.49%,4,154.5
AAPL230303C00129000,2023-02-01 3:31PM EST,129.0,17.55,25.75,26.3,0.0,-,29,68,48.71%,4,154.5
AAPL230303C00130000,2023-02-03 3:31PM EST,130.0,25.42,24.8,25.3,3.57,+16.34%,56,120,47.10%,4,154.5
AAPL230303C00131000,2023-02-03 3:34PM EST,131.0,24.3,23.85,24.35,5.22,+27.36%,34,41,46.24%,4,154.5
AAPL230303C00132000,2023-02-03 2:36PM EST,132.0,23.78,22.9,23.35,4.82,+25.42%,2,45,44.63%,4,154.5
AAPL230303C00133000,2023-02-03 1:46PM EST,133.0,22.38,21.9,22.4,9.79,+77.76%,9,53,43.70%,4,154.5
AAPL230303C00134000,2023-02-03 10:48AM EST,134.0,22.77,20.95,21.45,5.76,+33.86%,1,221,42.73%,4,154.5
AAPL230303C00135000,2023-02-03 3:00PM EST,135.0,20.4,20.0,20.5,3.8,+22.89%,45,533,41.72%,4,154.5
AAPL230303C00136000,2023-02-03 3:06PM EST,136.0,19.08,19.05,19.55,4.03,+26.78%,23,1145,40.66%,4,154.5
AAPL230303C00137000,2023-02-03 11:27AM EST,137.0,19.87,18.1,18.6,5.51,+38.37%,4,183,39.55%,4,154.5
AAPL230303C00138000,2023-02-03 3:45PM EST,138.0,17.7,17.2,17.65,4.71,+36.26%,61,358,38.43%,4,154.5
AAPL230303C00139000,2023-02-03 12:45PM EST,139.0,17.63,16.35,16.75,5.38,+43.92%,24,5479,37.74%,4,154.5
AAPL230303C00140000,2023-02-03 3:52PM EST,140.0,15.7,15.35,15.8,3.82,+32.15%,430,652,36.50%,4,154.5
AAPL230303C00141000,2023-02-03 3:55PM EST,141.0,14.92,14.5,14.9,3.99,+36.51%,42,394,35.69%,4,154.5
AAPL230303C00142000,2023-02-03 3:47PM EST,142.0,13.75,13.65,14.05,2.95,+27.31%,88,587,35.25%,4,154.5
AAPL230303C00143000,2023-02-03 3:47PM EST,143.0,13.01,12.75,13.2,2.61,+25.10%,52,577,34.68%,4,154.5
AAPL230303C00144000,2023-02-03 2:11PM EST,144.0,12.95,11.95,12.35,3.35,+34.90%,73,735,34.00%,4,154.5
AAPL230303C00145000,2023-02-03 3:49PM EST,145.0,11.35,11.1,11.55,2.35,+26.11%,312,3729,33.59%,4,154.5
AAPL230303C00146000,2023-02-03 3:53PM EST,146.0,10.7,10.3,10.75,3.0,+38.96%,197,735,33.05%,4,154.5
AAPL230303C00147000,2023-02-03 3:22PM EST,147.0,10.1,9.6,9.95,2.6,+34.67%,204,1770,32.37%,4,154.5
AAPL230303C00148000,2023-02-03 3:29PM EST,148.0,9.42,8.85,9.25,2.67,+39.56%,126,950,32.25%,4,154.5
AAPL230303C00149000,2023-02-03 3:59PM EST,149.0,8.25,8.05,8.4,2.11,+34.36%,267,603,30.98%,4,154.5
AAPL230303C00150000,2023-02-03 3:56PM EST,150.0,7.85,7.4,7.75,2.15,+37.72%,1578,2626,30.87%,4,154.5
AAPL230303C00152500,2023-02-03 3:59PM EST,152.5,5.97,5.95,6.1,1.37,+29.78%,1178,2957,29.70%,4,154.5
AAPL230303C00155000,2023-02-03 3:59PM EST,155.0,4.7,4.55,4.7,1.15,+32.39%,2880,1718,28.93%,4,154.5
AAPL230303C00157500,2023-02-03 3:59PM EST,157.5,3.4,3.4,3.5,0.8,+30.77%,2285,1230,28.16%,4,154.5
AAPL230303C00160000,2023-02-03 3:56PM EST,160.0,2.62,2.5,2.56,0.67,+34.36%,6305,3262,27.74%,4,154.5
AAPL230303C00162500,2023-02-03 3:59PM EST,162.5,1.83,1.75,1.83,0.3,+19.61%,1827,722,27.47%,4,154.5
AAPL230303C00165000,2023-02-03 3:58PM EST,165.0,1.29,1.21,1.26,0.24,+22.86%,3147,2324,27.12%,4,154.5
AAPL230303C00170000,2023-02-03 3:59PM EST,170.0,0.6,0.55,0.61,0.0,-,2069,3947,27.42%,4,154.5
AAPL230303C00175000,2023-02-03 3:41PM EST,175.0,0.3,0.26,0.29,-0.07,-18.92%,1350,1502,27.98%,4,154.5
AAPL230303C00180000,2023-02-03 3:48PM EST,180.0,0.15,0.13,0.16,-0.1,-40.00%,691,1081,29.40%,4,154.5
AAPL230303C00185000,2023-02-03 3:45PM EST,185.0,0.09,0.08,0.09,-0.1,-52.63%,167,733,30.76%,4,154.5
AAPL230303C00190000,2023-02-03 3:03PM EST,190.0,0.07,0.05,0.06,-0.07,-50.00%,300,239,32.72%,4,154.5
AAPL230303C00200000,2023-02-03 3:12PM EST,200.0,0.04,0.02,0.04,-0.07,-63.64%,215,112,37.70%,4,154.5
AAPL230303C00205000,2023-02-03 10:41AM EST,205.0,0.07,0.01,0.04,-0.01,-12.50%,12,217,40.82%,4,154.5
AAPL230303C00210000,2023-02-03 12:42PM EST,210.0,0.04,0.01,0.03,-0.03,-42.86%,702,156,42.58%,4,154.5
AAPL230303C00220000,2023-02-03 3:03PM EST,220.0,0.02,0.0,0.03,-0.04,-66.67%,301,167,48.05%,4,154.5
AAPL230303C00225000,2023-02-03 10:53AM EST,225.0,0.04,0.01,0.02,0.0,-,1,3,48.83%,4,154.5
AAPL230303C00235000,2023-02-02 2:08PM EST,235.0,0.03,0.0,0.02,0.0,-,1,14,50.00%,4,154.5
AAPL230310C00126000,2023-01-27 3:02PM EST,126.0,22.05,28.7,29.6,0.0,-,2,2,52.05%,5,154.5
AAPL230310C00127000,2023-01-27 3:21PM EST,127.0,21.2,27.75,28.6,0.0,-,2,2,50.51%,5,154.5
AAPL230310C00128000,2023-02-03 12:58PM EST,128.0,27.17,26.8,27.65,5.27,+24.06%,199,21,49.61%,5,154.5
AAPL230310C00130000,2023-02-03 3:55PM EST,130.0,25.53,24.9,25.7,5.43,+27.01%,4,44,47.12%,5,154.5
AAPL230310C00131000,2023-02-02 9:59AM EST,131.0,18.8,23.85,24.75,0.0,-,1,46,46.14%,5,154.5
AAPL230310C00132000,2023-02-03 3:32PM EST,132.0,23.71,22.95,23.75,4.57,+23.88%,12,15,44.61%,5,154.5
AAPL230310C00133000,2023-02-03 10:02AM EST,133.0,20.79,22.05,22.85,2.15,+11.53%,6,54,44.10%,5,154.5
AAPL230310C00134000,2023-02-03 10:48AM EST,134.0,22.99,21.1,21.9,5.62,+32.35%,2,8,43.04%,5,154.5
AAPL230310C00135000,2023-02-03 1:46PM EST,135.0,20.47,20.15,20.9,3.72,+22.21%,25,14,41.46%,5,154.5
AAPL230310C00136000,2023-02-03 12:13PM EST,136.0,21.14,19.15,20.05,5.57,+35.77%,38,55,41.28%,5,154.5
AAPL230310C00137000,2023-02-03 3:49PM EST,137.0,18.92,18.55,18.85,4.03,+27.07%,13,13,37.83%,5,154.5
AAPL230310C00138000,2023-02-03 11:23AM EST,138.0,19.22,17.35,17.95,6.05,+45.94%,14,20,37.16%,5,154.5
AAPL230310C00139000,2023-02-03 11:44AM EST,139.0,19.0,16.5,17.15,5.67,+42.54%,95,27,37.28%,5,154.5
AAPL230310C00140000,2023-02-03 3:49PM EST,140.0,15.85,15.75,16.3,3.18,+25.10%,308,342,36.85%,5,154.5
AAPL230310C00141000,2023-02-03 12:53PM EST,141.0,15.72,14.8,15.45,3.52,+28.85%,20,32,36.33%,5,154.5
AAPL230310C00142000,2023-02-03 3:49PM EST,142.0,14.15,14.0,14.6,3.5,+32.86%,36,249,35.71%,5,154.5
AAPL230310C00143000,2023-02-03 3:12PM EST,143.0,13.73,13.1,13.7,4.1,+42.58%,194,341,34.66%,5,154.5
AAPL230310C00144000,2023-02-03 3:58PM EST,144.0,12.55,12.5,12.8,3.34,+36.26%,30,153,33.56%,5,154.5
AAPL230310C00145000,2023-02-03 3:54PM EST,145.0,12.0,11.6,12.05,2.8,+30.43%,107,151,33.37%,5,154.5
AAPL230310C00146000,2023-02-03 3:00PM EST,146.0,11.14,10.75,11.3,3.1,+38.56%,118,166,33.08%,5,154.5
AAPL230310C00147000,2023-02-03 3:06PM EST,147.0,10.25,9.95,10.4,3.03,+41.97%,57,382,31.74%,5,154.5
AAPL230310C00148000,2023-02-03 3:27PM EST,148.0,10.15,9.2,9.85,3.02,+42.36%,196,130,32.41%,5,154.5
AAPL230310C00149000,2023-02-03 3:53PM EST,149.0,9.04,8.75,9.1,2.04,+29.14%,79,102,31.75%,5,154.5
AAPL230310C00150000,2023-02-03 3:55PM EST,150.0,8.35,8.0,8.35,2.15,+34.68%,720,794,30.98%,5,154.5
AAPL230310C00152500,2023-02-03 3:58PM EST,152.5,6.69,6.55,6.7,1.64,+32.48%,898,1489,29.77%,5,154.5
AAPL230310C00155000,2023-02-03 3:58PM EST,155.0,5.25,5.15,5.3,1.45,+38.16%,1600,1063,29.02%,5,154.5
AAPL230310C00157500,2023-02-03 3:58PM EST,157.5,4.05,3.95,4.05,1.09,+36.82%,1241,468,28.13%,5,154.5
AAPL230310C00160000,2023-02-03 3:57PM EST,160.0,3.15,2.98,3.1,0.85,+36.96%,959,925,27.86%,5,154.5
AAPL230310C00162500,2023-02-03 3:59PM EST,162.5,2.26,2.19,2.27,0.61,+36.97%,1031,712,27.31%,5,154.5
AAPL230310C00165000,2023-02-03 3:58PM EST,165.0,1.66,1.57,1.65,0.43,+34.96%,1355,800,27.05%,5,154.5
AAPL230310C00170000,2023-02-03 3:58PM EST,170.0,0.82,0.78,0.84,0.08,+10.81%,2178,5776,26.88%,5,154.5
AAPL230310C00175000,2023-02-03 3:58PM EST,175.0,0.43,0.4,0.43,0.0,-,2375,544,27.27%,5,154.5
AAPL230310C00180000,2023-02-03 3:54PM EST,180.0,0.22,0.2,0.24,-0.05,-18.52%,687,245,28.27%,5,154.5
AAPL230310C00205000,2023-02-03 1:05PM EST,205.0,0.06,0.03,0.05,-0.03,-33.33%,517,3,37.50%,5,154.5
AAPL230310C00220000,2023-02-03 11:10AM EST,220.0,0.05,0.01,0.04,0.0,-,1,51,44.34%,5,154.5
AAPL230317C00040000,2023-01-20 10:10AM EST,40.0,94.88,114.3,114.8,0.0,-,1,2,150.78%,6,154.5
AAPL230317C00045000,2023-01-26 10:01AM EST,45.0,98.1,109.3,109.8,0.0,-,-,5,137.89%,6,154.5
AAPL230317C00060000,2023-02-03 3:36PM EST,60.0,94.82,94.4,94.8,4.07,+4.48%,19,2487,115.82%,6,154.5
AAPL230317C00065000,2023-02-03 3:01PM EST,65.0,89.19,89.4,89.9,7.69,+9.44%,1,1101,112.31%,6,154.5
AAPL230317C00070000,2023-02-03 3:49PM EST,70.0,84.7,84.45,84.85,11.69,+16.01%,5,3622,103.32%,6,154.5
AAPL230317C00075000,2023-02-03 2:52PM EST,75.0,80.2,79.45,79.95,5.05,+6.72%,7,769,98.93%,6,154.5
AAPL230317C00080000,2023-02-03 3:18PM EST,80.0,75.18,74.45,74.95,5.48,+7.86%,8,1874,90.82%,6,154.5
AAPL230317C00085000,2023-02-02 10:42AM EST,85.0,65.0,69.5,70.0,0.0,-,2,541,86.13%,6,154.5
AAPL230317C00090000,2023-02-03 2:54PM EST,90.0,65.34,64.6,65.0,5.24,+8.72%,44,2894,81.05%,6,154.5
AAPL230317C00095000,2023-02-03 3:25PM EST,95.0,60.55,59.6,60.1,5.4,+9.79%,53,681,75.78%,6,154.5
AAPL230317C00100000,2023-02-03 3:52PM EST,100.0,54.92,54.65,55.1,4.12,+8.11%,147,4993,69.58%,6,154.5
AAPL230317C00105000,2023-02-03 3:43PM EST,105.0,50.35,49.75,50.1,5.35,+11.89%,103,1359,64.26%,6,154.5
AAPL230317C00110000,2023-02-03 3:11PM EST,110.0,45.22,44.8,45.2,4.72,+11.65%,365,2457,59.47%,6,154.5
AAPL230317C00115000,2023-02-03 3:33PM EST,115.0,40.37,39.85,40.3,4.73,+13.27%,62,1803,54.49%,6,154.5
AAPL230317C00120000,2023-02-03 3:42PM EST,120.0,35.75,34.95,35.4,5.13,+16.75%,544,17002,53.22%,6,154.5
AAPL230317C00125000,2023-02-03 3:58PM EST,125.0,30.5,30.1,30.5,3.7,+13.81%,960,25349,47.68%,6,154.5
AAPL230317C00130000,2023-02-03 3:30PM EST,130.0,25.75,25.3,25.7,4.41,+20.67%,681,56963,43.02%,6,154.5
AAPL230317C00135000,2023-02-03 3:59PM EST,135.0,20.9,20.65,21.05,3.5,+20.11%,881,14612,39.16%,6,154.5
AAPL230317C00140000,2023-02-03 3:59PM EST,140.0,16.5,16.25,16.55,3.0,+22.22%,2089,31396,35.43%,6,154.5
AAPL230317C00145000,2023-02-03 3:58PM EST,145.0,12.5,12.15,12.4,2.55,+25.63%,3033,39026,32.53%,6,154.5
AAPL230317C00150000,2023-02-03 3:59PM EST,150.0,8.82,8.65,8.85,2.02,+29.71%,22647,71313,30.82%,6,154.5
AAPL230317C00155000,2023-02-03 3:59PM EST,155.0,5.8,5.75,5.85,1.4,+31.82%,8124,37764,29.12%,6,154.5
AAPL230317C00160000,2023-02-03 3:59PM EST,160.0,3.55,3.5,3.55,0.91,+34.47%,24122,30279,27.72%,6,154.5
AAPL230317C00165000,2023-02-03 3:58PM EST,165.0,2.04,1.94,2.0,0.54,+36.00%,10861,25647,26.84%,6,154.5
AAPL230317C00170000,2023-02-03 3:59PM EST,170.0,1.06,1.03,1.06,0.18,+20.45%,11134,27689,26.39%,6,154.5
AAPL230317C00175000,2023-02-03 3:59PM EST,175.0,0.54,0.53,0.55,0.03,+5.88%,13070,18206,26.39%,6,154.5
AAPL230317C00180000,2023-02-03 3:59PM EST,180.0,0.28,0.28,0.3,-0.05,-15.15%,7632,17176,26.95%,6,154.5
AAPL230317C00185000,2023-02-03 3:58PM EST,185.0,0.17,0.16,0.19,-0.06,-26.09%,1078,12118,28.27%,6,154.5
AAPL230317C00190000,2023-02-03 3:59PM EST,190.0,0.11,0.1,0.13,-0.06,-35.29%,1392,20753,29.79%,6,154.5
AAPL230317C00195000,2023-02-03 3:40PM EST,195.0,0.07,0.07,0.08,-0.08,-53.33%,479,8402,30.66%,6,154.5
AAPL230317C00200000,2023-02-03 3:54PM EST,200.0,0.06,0.06,0.07,-0.06,-50.00%,2335,31898,33.01%,6,154.5
AAPL230317C00205000,2023-02-03 11:56AM EST,205.0,0.08,0.05,0.06,-0.02,-20.00%,1612,1135,34.96%,6,154.5
AAPL230317C00210000,2023-02-03 3:58PM EST,210.0,0.03,0.03,0.05,-0.06,-66.67%,837,12000,36.72%,6,154.5
AAPL230317C00215000,2023-02-03 1:04PM EST,215.0,0.04,0.02,0.04,-0.03,-42.86%,182,548,38.09%,6,154.5
AAPL230317C00220000,2023-02-03 12:24PM EST,220.0,0.05,0.03,0.04,-0.01,-16.67%,644,5521,40.43%,6,154.5
AAPL230317C00230000,2023-02-03 3:47PM EST,230.0,0.02,0.01,0.03,-0.03,-60.00%,6,4083,43.56%,6,154.5
AAPL230317C00240000,2023-02-03 3:47PM EST,240.0,0.02,0.0,0.03,-0.01,-33.33%,3,1465,47.66%,6,154.5
AAPL230317C00250000,2023-02-03 3:47PM EST,250.0,0.01,0.0,0.01,-0.03,-75.00%,546,4692,46.88%,6,154.5
AAPL230317C00260000,2023-02-03 11:06AM EST,260.0,0.01,0.0,0.02,0.0,-,70,3177,50.00%,6,154.5
AAPL230317C00270000,2023-01-30 11:59AM EST,270.0,0.01,0.0,0.02,0.0,-,500,2236,53.13%,6,154.5
AAPL230317C00280000,2023-02-03 10:42AM EST,280.0,0.01,0.0,0.01,0.0,-,1,1756,53.13%,6,154.5
AAPL230317C00290000,2023-02-02 3:46PM EST,290.0,0.01,0.0,0.01,0.0,-,2,977,56.25%,6,154.5
AAPL230317C00300000,2023-02-03 9:44AM EST,300.0,0.01,0.0,0.01,0.0,-,50,6631,59.38%,6,154.5
AAPL230421C00050000,2023-02-02 10:10AM EST,50.0,98.55,104.5,105.0,0.0,-,1,799,114.06%,7,154.5
AAPL230421C00060000,2023-02-03 9:30AM EST,60.0,88.67,94.55,95.15,18.67,+26.67%,2,51,101.66%,7,154.5
AAPL230421C00065000,2023-01-24 2:17PM EST,65.0,77.9,89.65,90.2,0.0,-,1,3,96.68%,7,154.5
AAPL230421C00070000,2023-02-01 12:03PM EST,70.0,72.67,84.7,85.25,0.0,-,2,147,90.82%,7,154.5
AAPL230421C00075000,2023-02-03 10:07AM EST,75.0,78.8,79.75,80.3,11.45,+17.00%,15,88,85.11%,7,154.5
AAPL230421C00080000,2023-01-20 12:01PM EST,80.0,56.3,74.8,75.4,0.0,-,14,91,80.22%,7,154.5
AAPL230421C00085000,2023-01-27 2:29PM EST,85.0,62.6,69.9,70.45,0.0,-,1,609,75.39%,7,154.5
AAPL230421C00090000,2023-02-03 9:50AM EST,90.0,62.58,64.95,65.5,1.51,+2.47%,4,129,70.07%,7,154.5
AAPL230421C00095000,2023-02-03 1:22PM EST,95.0,60.72,60.05,60.6,5.05,+9.07%,1,91,65.77%,7,154.5
AAPL230421C00100000,2023-02-03 1:32PM EST,100.0,55.61,55.15,55.7,4.11,+7.98%,41,473,61.38%,7,154.5
AAPL230421C00105000,2023-01-31 1:44PM EST,105.0,39.8,50.25,50.8,0.0,-,22,265,56.93%,7,154.5
AAPL230421C00110000,2023-02-03 3:40PM EST,110.0,46.06,45.4,45.95,5.14,+12.56%,63,522,53.05%,7,154.5
AAPL230421C00115000,2023-02-03 3:49PM EST,115.0,40.56,40.6,41.1,5.66,+16.22%,56,280,51.54%,7,154.5
AAPL230421C00120000,2023-02-03 3:56PM EST,120.0,36.33,35.8,36.3,4.83,+15.33%,81,1241,47.42%,7,154.5
AAPL230421C00125000,2023-02-03 3:32PM EST,125.0,31.8,31.15,31.6,6.3,+24.71%,91,3120,43.81%,7,154.5
AAPL230421C00130000,2023-02-03 3:55PM EST,130.0,27.1,26.65,27.0,4.8,+21.52%,272,9412,40.44%,7,154.5
AAPL230421C00135000,2023-02-03 3:54PM EST,135.0,22.64,22.2,22.55,3.52,+18.41%,344,8185,37.38%,7,154.5
AAPL230421C00140000,2023-02-03 3:56PM EST,140.0,18.45,18.1,18.4,2.0,+12.16%,688,9099,35.00%,7,154.5
AAPL230421C00145000,2023-02-03 3:59PM EST,145.0,14.46,14.25,14.6,2.76,+23.59%,3317,9927,33.09%,7,154.5
AAPL230421C00150000,2023-02-03 3:59PM EST,150.0,11.0,10.9,11.1,2.25,+25.71%,4985,18057,31.08%,7,154.5
AAPL230421C00155000,2023-02-03 3:59PM EST,155.0,8.05,8.0,8.1,1.95,+31.97%,8523,29492,29.46%,7,154.5
AAPL230421C00160000,2023-02-03 3:59PM EST,160.0,5.62,5.55,5.65,1.47,+35.42%,9611,26234,28.14%,7,154.5
AAPL230421C00165000,2023-02-03 3:59PM EST,165.0,3.69,3.65,3.75,1.09,+41.92%,7017,14313,27.07%,7,154.5
AAPL230421C00170000,2023-02-03 3:59PM EST,170.0,2.34,2.27,2.34,0.75,+47.17%,9228,18097,26.08%,7,154.5
AAPL230421C00175000,2023-02-03 3:59PM EST,175.0,1.41,1.33,1.47,0.36,+34.29%,8531,5012,25.81%,7,154.5
AAPL230421C00180000,2023-02-03 3:57PM EST,180.0,0.87,0.81,0.89,0.22,+33.85%,5222,7529,25.57%,7,154.5
AAPL230421C00185000,2023-02-03 3:56PM EST,185.0,0.5,0.46,0.53,0.06,+13.64%,3163,4053,25.49%,7,154.5
AAPL230421C00190000,2023-02-03 3:52PM EST,190.0,0.33,0.3,0.33,0.03,+10.00%,1394,2493,25.78%,7,154.5
AAPL230421C00195000,2023-02-03 3:58PM EST,195.0,0.21,0.17,0.24,-0.02,-8.70%,201,2749,26.76%,7,154.5
AAPL230421C00200000,2023-02-03 3:59PM EST,200.0,0.15,0.15,0.16,-0.05,-25.00%,3266,3920,27.30%,7,154.5
AAPL230421C00205000,2023-02-03 2:37PM EST,205.0,0.12,0.1,0.12,-0.03,-20.00%,172,1577,28.27%,7,154.5
AAPL230421C00210000,2023-02-03 3:26PM EST,210.0,0.1,0.05,0.1,-0.04,-28.57%,295,1228,29.54%,7,154.5
AAPL230421C00215000,2023-02-03 3:59PM EST,215.0,0.08,0.05,0.1,-0.02,-20.00%,591,706,31.45%,7,154.5
AAPL230421C00220000,2023-02-03 2:37PM EST,220.0,0.06,0.04,0.09,-0.03,-33.33%,1,1350,32.86%,7,154.5
AAPL230421C00225000,2023-02-03 1:08PM EST,225.0,0.09,0.03,0.09,0.01,+12.50%,14,1176,34.67%,7,154.5
AAPL230421C00230000,2023-02-03 12:22PM EST,230.0,0.1,0.03,0.08,0.04,+66.67%,99,696,35.84%,7,154.5
AAPL230421C00235000,2023-02-03 2:52PM EST,235.0,0.05,0.01,0.07,-0.01,-16.67%,69,1496,36.91%,7,154.5
AAPL230421C00240000,2023-02-02 3:33PM EST,240.0,0.08,0.02,0.07,0.0,-,1,430,38.48%,7,154.5
AAPL230421C00245000,2023-01-26 11:40AM EST,245.0,0.01,0.01,0.06,0.0,-,1,671,39.36%,7,154.5
AAPL230421C00250000,2023-02-03 12:09PM EST,250.0,0.06,0.01,0.06,0.01,+20.00%,10,410,40.82%,7,154.5
AAPL230421C00255000,2023-02-03 10:41AM EST,255.0,0.04,0.01,0.05,0.02,+100.00%,1,448,41.41%,7,154.5
AAPL230421C00260000,2023-02-03 10:07AM EST,260.0,0.02,0.0,0.05,0.0,-,59,2057,42.77%,7,154.5
AAPL230421C00265000,2023-02-03 9:38AM EST,265.0,0.01,0.0,0.04,0.0,-,8,257,43.16%,7,154.5
AAPL230421C00270000,2023-02-02 3:34PM EST,270.0,0.02,0.0,0.04,0.0,-,5,530,44.53%,7,154.5
AAPL230421C00275000,2023-02-03 2:46PM EST,275.0,0.03,0.0,0.03,0.01,+50.00%,239,408,44.53%,7,154.5
AAPL230421C00280000,2023-02-02 2:16PM EST,280.0,0.01,0.0,0.03,0.0,-,14,532,45.70%,7,154.5
AAPL230421C00290000,2023-02-03 9:30AM EST,290.0,0.02,0.01,0.03,0.01,+100.00%,10,735,48.05%,7,154.5
AAPL230421C00300000,2023-02-03 11:15AM EST,300.0,0.02,0.01,0.02,0.01,+100.00%,106,1663,48.44%,7,154.5
AAPL230519C00060000,2023-01-23 10:48AM EST,60.0,82.0,94.75,95.3,0.0,-,1,2697,93.02%,8,154.5
AAPL230519C00065000,2023-01-09 9:31AM EST,65.0,67.15,89.8,90.35,0.0,-,2,2758,87.16%,8,154.5
AAPL230519C00070000,2023-01-31 1:02PM EST,70.0,74.22,84.9,85.45,0.0,-,1,2084,82.74%,8,154.5
AAPL230519C00075000,2023-01-20 11:36AM EST,75.0,61.43,79.95,80.5,0.0,-,1,1012,77.30%,8,154.5
AAPL230519C00080000,2023-01-24 3:17PM EST,80.0,63.31,75.05,75.6,0.0,-,1,1392,73.02%,8,154.5
AAPL230519C00085000,2023-02-03 1:19PM EST,85.0,70.79,70.15,70.7,4.75,+7.19%,2,2487,68.73%,8,154.5
AAPL230519C00090000,2023-02-03 11:50AM EST,90.0,67.45,65.25,65.8,6.18,+10.09%,1,8606,64.48%,8,154.5
AAPL230519C00095000,2023-02-02 10:21AM EST,95.0,55.12,60.4,60.95,0.0,-,8,1606,60.84%,8,154.5
AAPL230519C00100000,2023-02-03 12:45PM EST,100.0,56.95,55.6,56.1,5.38,+10.43%,11,2245,57.35%,8,154.5
AAPL230519C00105000,2023-01-31 1:44PM EST,105.0,40.42,50.75,51.3,0.0,-,14,730,53.74%,8,154.5
AAPL230519C00110000,2023-02-03 10:58AM EST,110.0,47.15,46.0,46.5,5.35,+12.80%,2,1493,50.40%,8,154.5
AAPL230519C00115000,2023-02-03 11:58AM EST,115.0,43.05,41.25,41.8,12.15,+39.32%,5,1270,49.11%,8,154.5
AAPL230519C00120000,2023-02-03 3:56PM EST,120.0,37.14,36.65,37.15,4.14,+12.55%,17,1586,45.94%,8,154.5
AAPL230519C00125000,2023-02-03 1:47PM EST,125.0,32.55,32.15,32.6,4.3,+15.22%,29,2311,43.00%,8,154.5
AAPL230519C00130000,2023-02-03 3:57PM EST,130.0,28.31,27.8,28.2,3.81,+15.55%,2082,5330,40.39%,8,154.5
AAPL230519C00135000,2023-02-03 12:58PM EST,135.0,24.06,23.65,24.0,3.96,+19.70%,75,6985,38.11%,8,154.5
AAPL230519C00140000,2023-02-03 3:57PM EST,140.0,20.09,19.6,20.05,3.44,+20.66%,702,7442,36.12%,8,154.5
AAPL230519C00145000,2023-02-03 3:58PM EST,145.0,16.4,16.0,16.4,2.82,+20.77%,601,10882,34.39%,8,154.5
AAPL230519C00150000,2023-02-03 3:59PM EST,150.0,13.15,12.75,13.05,2.85,+27.67%,3463,12113,32.73%,8,154.5
AAPL230519C00155000,2023-02-03 3:59PM EST,155.0,10.07,9.9,10.05,2.23,+28.44%,1801,8017,31.13%,8,154.5
AAPL230519C00160000,2023-02-03 3:54PM EST,160.0,7.6,7.4,7.5,2.0,+35.71%,1875,8386,29.78%,8,154.5
AAPL230519C00165000,2023-02-03 3:54PM EST,165.0,5.5,5.3,5.45,1.55,+39.24%,6544,37958,28.76%,8,154.5
AAPL230519C00170000,2023-02-03 3:57PM EST,170.0,3.88,3.65,3.8,1.2,+44.78%,11692,6584,27.78%,8,154.5
AAPL230519C00175000,2023-02-03 3:59PM EST,175.0,2.61,2.46,2.58,0.8,+44.20%,1755,4678,27.05%,8,154.5
AAPL230519C00180000,2023-02-03 3:46PM EST,180.0,1.72,1.62,1.76,0.5,+40.98%,2983,3117,26.76%,8,154.5
AAPL230519C00185000,2023-02-03 3:55PM EST,185.0,1.15,1.08,1.15,0.42,+57.53%,1517,1278,26.38%,8,154.5
AAPL230519C00190000,2023-02-03 3:51PM EST,190.0,0.75,0.71,0.78,0.19,+33.93%,785,2022,26.43%,8,154.5
AAPL230519C00195000,2023-02-03 3:17PM EST,195.0,0.53,0.47,0.54,0.17,+47.22%,1902,1135,26.66%,8,154.5
AAPL230519C00200000,2023-02-03 3:57PM EST,200.0,0.34,0.32,0.39,0.02,+6.25%,1831,2760,27.15%,8,154.5
AAPL230519C00205000,2023-02-03 11:53AM EST,205.0,0.34,0.23,0.27,0.15,+78.95%,96,420,27.39%,8,154.5
AAPL230519C00210000,2023-02-03 2:33PM EST,210.0,0.2,0.15,0.22,0.01,+5.26%,1243,1997,28.32%,8,154.5
AAPL230519C00215000,2023-02-03 3:36PM EST,215.0,0.16,0.13,0.17,0.02,+14.29%,237,1211,28.96%,8,154.5
AAPL230519C00220000,2023-02-03 10:52AM EST,220.0,0.18,0.1,0.13,0.05,+38.46%,409,161,29.54%,8,154.5
AAPL230519C00225000,2023-02-03 2:48PM EST,225.0,0.11,0.08,0.11,0.09,+450.00%,363,35,30.42%,8,154.5
AAPL230519C00230000,2023-02-03 10:52AM EST,230.0,0.13,0.06,0.12,0.08,+160.00%,231,120,32.28%,8,154.5
AAPL230519C00235000,2023-02-03 12:05PM EST,235.0,0.1,0.05,0.1,0.01,+11.11%,30,210,33.01%,8,154.5
AAPL230519C00240000,2023-02-03 10:51AM EST,240.0,0.1,0.03,0.1,0.07,+233.33%,33,327,34.38%,8,154.5
AAPL230519C00245000,2023-02-01 9:30AM EST,245.0,0.04,0.03,0.09,0.0,-,1,55,35.35%,8,154.5
AAPL230519C00250000,2023-02-03 1:20PM EST,250.0,0.05,0.02,0.06,-0.01,-16.67%,2,114,34.96%,8,154.5
AAPL230519C00255000,2023-02-03 1:21PM EST,255.0,0.05,0.02,0.08,0.02,+66.67%,21,133,37.40%,8,154.5
AAPL230519C00260000,2023-02-03 2:33PM EST,260.0,0.04,0.02,0.08,0.01,+33.33%,11,164,38.67%,8,154.5
AAPL230519C00270000,2023-01-19 11:11AM EST,270.0,0.03,0.01,0.07,0.0,-,26,128,40.43%,8,154.5
AAPL230519C00280000,2023-02-02 10:22AM EST,280.0,0.06,0.01,0.06,0.03,+100.00%,1,122,41.99%,8,154.5
AAPL230519C00290000,2023-02-03 2:43PM EST,290.0,0.04,0.01,0.05,0.03,+300.00%,1,9,43.36%,8,154.5
AAPL230519C00300000,2023-02-03 10:38AM EST,300.0,0.03,0.0,0.03,0.0,-,7,107,43.16%,8,154.5
AAPL230616C00060000,2023-02-03 3:13PM EST,60.0,95.45,94.9,95.4,12.95,+15.70%,2,22914,85.77%,9,154.5
AAPL230616C00065000,2023-01-19 11:53AM EST,65.0,70.55,90.0,90.55,0.0,-,3,3355,81.74%,9,154.5
AAPL230616C00070000,2023-02-01 10:31AM EST,70.0,74.01,85.15,85.65,0.0,-,20,3126,77.66%,9,154.5
AAPL230616C00075000,2023-02-03 3:31PM EST,75.0,80.84,80.25,80.8,4.94,+6.51%,2,2216,73.56%,9,154.5
AAPL230616C00080000,2023-02-03 3:54PM EST,80.0,75.97,75.4,75.9,4.97,+7.00%,33,1162,69.48%,9,154.5
AAPL230616C00085000,2023-01-31 3:13PM EST,85.0,60.1,70.55,71.05,0.0,-,85,581,65.75%,9,154.5
AAPL230616C00090000,2023-02-03 11:45AM EST,90.0,68.4,65.7,66.2,6.9,+11.22%,170,2655,61.96%,9,154.5
AAPL230616C00095000,2023-02-02 1:29PM EST,95.0,56.55,60.85,61.4,0.0,-,2,814,58.42%,9,154.5
AAPL230616C00100000,2023-02-03 3:38PM EST,100.0,56.55,56.1,56.6,4.45,+8.54%,90,8659,55.21%,9,154.5
AAPL230616C00105000,2023-02-03 1:01PM EST,105.0,51.85,51.35,51.85,4.35,+9.16%,4,1380,52.05%,9,154.5
AAPL230616C00110000,2023-02-03 3:42PM EST,110.0,47.41,46.65,47.1,4.91,+11.55%,31,4391,50.29%,9,154.5
AAPL230616C00115000,2023-02-03 3:54PM EST,115.0,42.51,42.0,42.5,4.56,+12.02%,77,1426,47.55%,9,154.5
AAPL230616C00120000,2023-02-03 3:19PM EST,120.0,38.3,37.5,37.9,4.5,+13.31%,133,2417,44.54%,9,154.5
AAPL230616C00125000,2023-02-03 2:56PM EST,125.0,33.6,33.1,33.45,4.25,+14.48%,74,2333,41.96%,9,154.5
AAPL230616C00130000,2023-02-03 3:50PM EST,130.0,28.95,28.8,29.15,3.6,+14.20%,398,11845,39.62%,9,154.5
AAPL230616C00135000,2023-02-03 3:09PM EST,135.0,25.12,24.75,25.1,3.65,+17.00%,279,6242,37.73%,9,154.5
AAPL230616C00140000,2023-02-03 3:50PM EST,140.0,21.03,20.9,21.25,3.13,+17.49%,609,35244,35.92%,9,154.5
AAPL230616C00145000,2023-02-03 3:55PM EST,145.0,17.7,17.3,17.6,2.85,+19.19%,2119,19597,34.08%,9,154.5
AAPL230616C00150000,2023-02-03 3:57PM EST,150.0,14.4,14.1,14.3,2.8,+24.14%,2061,26246,32.54%,9,154.5
AAPL230616C00155000,2023-02-03 3:47PM EST,155.0,11.3,11.15,11.4,2.45,+27.68%,2968,21497,31.30%,9,154.5
AAPL230616C00160000,2023-02-03 3:59PM EST,160.0,8.75,8.65,8.8,2.05,+30.60%,5448,33245,29.98%,9,154.5
AAPL230616C00165000,2023-02-03 3:56PM EST,165.0,6.68,6.5,6.65,1.78,+36.33%,2976,15426,28.95%,9,154.5
AAPL230616C00170000,2023-02-03 3:58PM EST,170.0,4.85,4.75,4.9,1.32,+37.39%,2255,25452,28.07%,9,154.5
AAPL230616C00175000,2023-02-03 3:59PM EST,175.0,3.49,3.4,3.5,1.06,+43.62%,3824,32032,27.26%,9,154.5
AAPL230616C00180000,2023-02-03 3:59PM EST,180.0,2.45,2.41,2.5,0.65,+36.11%,4526,17379,26.83%,9,154.5
AAPL230616C00185000,2023-02-03 3:42PM EST,185.0,1.78,1.65,1.7,0.57,+47.11%,3635,12598,26.23%,9,154.5
AAPL230616C00190000,2023-02-03 3:59PM EST,190.0,1.16,1.13,1.19,0.26,+28.89%,3636,13150,26.07%,9,154.5
AAPL230616C00195000,2023-02-03 3:53PM EST,195.0,0.82,0.77,0.82,0.16,+24.24%,2575,43627,25.94%,9,154.5
AAPL230616C00200000,2023-02-03 3:55PM EST,200.0,0.57,0.54,0.59,0.09,+18.75%,4005,13187,26.12%,9,154.5
AAPL230616C00210000,2023-02-03 3:20PM EST,210.0,0.32,0.28,0.31,0.03,+10.34%,221,11079,26.61%,9,154.5
AAPL230616C00220000,2023-02-03 3:33PM EST,220.0,0.18,0.16,0.19,-0.03,-14.29%,314,7500,27.69%,9,154.5
AAPL230616C00230000,2023-02-03 2:11PM EST,230.0,0.13,0.12,0.13,0.0,-,206,4395,29.00%,9,154.5
AAPL230616C00240000,2023-02-03 3:32PM EST,240.0,0.1,0.09,0.1,0.0,-,276,8143,30.57%,9,154.5
AAPL230616C00250000,2023-02-03 11:59AM EST,250.0,0.09,0.05,0.08,0.0,-,186,14380,32.13%,9,154.5
AAPL230616C00260000,2023-02-03 2:42PM EST,260.0,0.07,0.04,0.07,-0.01,-12.50%,44,6253,33.79%,9,154.5
AAPL230616C00270000,2023-02-03 1:10PM EST,270.0,0.06,0.03,0.09,0.01,+20.00%,39,2391,36.91%,9,154.5
AAPL230616C00280000,2023-02-03 3:24PM EST,280.0,0.05,0.03,0.06,0.0,-,30,3832,37.31%,9,154.5
AAPL230616C00290000,2023-02-03 1:28PM EST,290.0,0.06,0.01,0.05,0.02,+50.00%,25,2360,38.48%,9,154.5
AAPL230616C00300000,2023-02-03 3:35PM EST,300.0,0.04,0.01,0.05,-0.01,-20.00%,1184,14971,40.23%,9,154.5
AAPL230721C00050000,2023-01-31 10:13AM EST,50.0,93.85,104.85,105.6,0.0,-,1,6,91.60%,10,154.5
AAPL230721C00055000,2023-02-03 3:52PM EST,55.0,100.5,100.0,100.7,26.35,+35.54%,6,21,86.91%,10,154.5
AAPL230721C00060000,2023-01-03 1:15PM EST,60.0,65.9,90.8,91.95,0.0,-,11,2528,0.00%,10,154.5
AAPL230721C00065000,2023-02-02 3:27PM EST,65.0,85.79,90.25,91.0,0.0,-,158,405,78.30%,10,154.5
AAPL230721C00070000,2023-01-27 1:49PM EST,70.0,77.59,85.4,86.15,0.0,-,1,235,74.27%,10,154.5
AAPL230721C00075000,2023-02-02 11:38AM EST,75.0,76.73,80.55,81.3,0.0,-,7,83,70.29%,10,154.5
AAPL230721C00080000,2023-02-03 11:35AM EST,80.0,78.57,75.75,76.45,14.12,+21.91%,14,199,66.63%,10,154.5
AAPL230721C00085000,2023-02-02 10:42AM EST,85.0,66.5,70.9,71.6,0.0,-,5,106,62.74%,10,154.5
AAPL230721C00090000,2023-02-02 9:46AM EST,90.0,60.97,66.1,66.8,0.0,-,1,1000,59.34%,10,154.5
AAPL230721C00095000,2023-01-17 10:02AM EST,95.0,44.0,61.35,62.05,0.0,-,2,366,56.26%,10,154.5
AAPL230721C00100000,2023-02-03 10:53AM EST,100.0,58.1,56.65,57.3,11.95,+25.89%,18,166,53.25%,10,154.5
AAPL230721C00105000,2023-01-23 1:21PM EST,105.0,41.0,51.95,52.6,0.0,-,60,75,50.29%,10,154.5
AAPL230721C00110000,2023-02-03 12:25PM EST,110.0,49.72,47.3,48.0,7.72,+18.38%,22,426,49.30%,10,154.5
AAPL230721C00115000,2023-02-03 3:12PM EST,115.0,43.4,42.75,43.3,4.97,+12.93%,75,292,45.95%,10,154.5
AAPL230721C00120000,2023-02-03 3:45PM EST,120.0,39.0,38.35,38.9,4.85,+14.20%,40,567,43.71%,10,154.5
AAPL230721C00125000,2023-02-03 3:51PM EST,125.0,34.35,34.0,34.5,3.85,+12.62%,44,1166,41.20%,10,154.5
AAPL230721C00130000,2023-02-03 3:51PM EST,130.0,30.15,29.9,30.3,3.85,+14.64%,111,1592,39.08%,10,154.5
AAPL230721C00135000,2023-02-03 3:55PM EST,135.0,26.4,25.9,26.25,3.97,+17.70%,147,2332,37.04%,10,154.5
AAPL230721C00140000,2023-02-03 3:47PM EST,140.0,22.43,22.05,22.6,3.43,+18.05%,163,2358,35.70%,10,154.5
AAPL230721C00145000,2023-02-03 3:50PM EST,145.0,18.81,18.55,19.0,3.32,+21.43%,465,3917,33.95%,10,154.5
AAPL230721C00150000,2023-02-03 3:55PM EST,150.0,15.74,15.45,15.65,2.74,+21.08%,339,3938,32.28%,10,154.5
AAPL230721C00155000,2023-02-03 3:55PM EST,155.0,12.76,12.5,12.7,2.71,+26.97%,301,3352,30.96%,10,154.5
AAPL230721C00160000,2023-02-03 3:57PM EST,160.0,10.15,9.9,10.1,2.3,+29.30%,651,8781,29.79%,10,154.5
AAPL230721C00165000,2023-02-03 3:52PM EST,165.0,7.75,7.65,7.85,1.75,+29.17%,1162,5063,28.72%,10,154.5
AAPL230721C00170000,2023-02-03 3:50PM EST,170.0,5.88,5.8,5.95,1.53,+35.17%,1480,14042,27.75%,10,154.5
AAPL230721C00175000,2023-02-03 3:59PM EST,175.0,4.42,4.25,4.45,1.17,+36.00%,937,13518,27.03%,10,154.5
AAPL230721C00180000,2023-02-03 3:40PM EST,180.0,3.3,3.1,3.25,0.95,+40.43%,933,3532,26.36%,10,154.5
AAPL230721C00185000,2023-02-03 3:52PM EST,185.0,2.3,2.25,2.35,0.72,+45.57%,1135,2192,25.89%,10,154.5
AAPL230721C00190000,2023-02-03 3:38PM EST,190.0,1.68,1.6,1.67,0.56,+50.00%,489,4401,25.48%,10,154.5
AAPL230721C00195000,2023-02-03 3:44PM EST,195.0,1.19,1.11,1.19,0.4,+50.63%,509,3224,25.24%,10,154.5
AAPL230721C00200000,2023-02-03 3:56PM EST,200.0,0.84,0.78,0.85,0.27,+47.37%,1932,4536,25.14%,10,154.5
AAPL230721C00205000,2023-02-03 2:54PM EST,205.0,0.62,0.55,0.61,0.19,+44.19%,174,532,25.12%,10,154.5
AAPL230721C00210000,2023-02-03 3:41PM EST,210.0,0.45,0.41,0.45,0.09,+25.00%,28,2153,25.27%,10,154.5
AAPL230721C00215000,2023-02-03 10:25AM EST,215.0,0.45,0.3,0.34,0.21,+87.50%,2,340,25.51%,10,154.5
AAPL230721C00220000,2023-02-03 1:41PM EST,220.0,0.28,0.23,0.27,0.09,+47.37%,22,6243,25.95%,10,154.5
AAPL230721C00225000,2023-02-02 2:35PM EST,225.0,0.17,0.17,0.21,0.0,-,5,72,26.27%,10,154.5
AAPL230721C00230000,2023-02-03 12:12PM EST,230.0,0.18,0.14,0.17,0.04,+28.57%,92,2733,26.76%,10,154.5
AAPL230721C00235000,2023-01-05 3:26PM EST,235.0,0.07,0.11,0.14,0.0,-,1,38,27.25%,10,154.5
AAPL230721C00240000,2023-02-03 10:16AM EST,240.0,0.12,0.09,0.13,0.01,+9.09%,100,788,28.13%,10,154.5
AAPL230721C00245000,2023-01-27 9:55AM EST,245.0,0.05,0.07,0.11,0.0,-,10,46,28.61%,10,154.5
AAPL230721C00250000,2023-02-03 12:07PM EST,250.0,0.1,0.06,0.1,0.0,-,111,1138,29.30%,10,154.5
AAPL230721C00260000,2023-02-03 9:56AM EST,260.0,0.06,0.05,0.08,-0.04,-40.00%,1,1000,30.57%,10,154.5
AAPL230721C00270000,2023-02-02 3:55PM EST,270.0,0.06,0.02,0.07,0.0,-,27,889,31.93%,10,154.5
AAPL230721C00280000,2023-02-03 3:59PM EST,280.0,0.03,0.03,0.05,0.0,-,107,3188,32.62%,10,154.5
AAPL230818C00050000,2023-01-17 10:14AM EST,50.0,87.3,104.8,105.95,0.0,-,-,1,87.79%,11,154.5
AAPL230818C00055000,2023-01-13 10:35AM EST,55.0,79.25,99.95,101.1,0.0,-,-,1,83.45%,11,154.5
AAPL230818C00095000,2023-01-06 12:18PM EST,95.0,38.5,61.5,62.6,0.0,-,12,6,54.27%,11,154.5
AAPL230818C00100000,2023-02-03 3:45PM EST,100.0,57.58,56.9,57.9,4.55,+8.58%,112,24,51.67%,11,154.5
AAPL230818C00105000,2023-02-01 3:40PM EST,105.0,45.0,52.25,53.3,0.0,-,4,80,51.54%,11,154.5
AAPL230818C00110000,2023-02-03 1:55PM EST,110.0,49.1,47.7,48.75,11.85,+31.81%,20,101,48.88%,11,154.5
AAPL230818C00115000,2023-02-03 3:45PM EST,115.0,43.9,43.2,44.25,2.75,+6.68%,49,210,46.27%,11,154.5
AAPL230818C00120000,2023-02-03 1:47PM EST,120.0,39.5,38.8,39.9,4.2,+11.90%,21,30,44.02%,11,154.5
AAPL230818C00125000,2023-02-03 10:43AM EST,125.0,36.86,34.7,35.35,6.01,+19.48%,6,42,40.91%,11,154.5
AAPL230818C00130000,2023-02-03 3:45PM EST,130.0,31.25,30.6,31.3,3.95,+14.47%,40,192,39.14%,11,154.5
AAPL230818C00135000,2023-02-03 3:07PM EST,135.0,27.15,27.05,27.45,4.08,+17.69%,86,710,37.56%,11,154.5
AAPL230818C00140000,2023-02-03 3:49PM EST,140.0,23.4,23.4,23.65,3.2,+15.84%,138,567,35.71%,11,154.5
AAPL230818C00145000,2023-02-03 1:50PM EST,145.0,20.78,19.9,20.25,3.88,+22.96%,218,260,34.41%,11,154.5
AAPL230818C00150000,2023-02-03 3:47PM EST,150.0,16.87,16.6,17.0,2.67,+18.80%,201,1171,32.97%,11,154.5
AAPL230818C00155000,2023-02-03 3:49PM EST,155.0,13.86,13.8,14.15,2.36,+20.52%,274,823,31.89%,11,154.5
AAPL230818C00160000,2023-02-03 3:57PM EST,160.0,11.5,11.1,11.4,2.4,+26.37%,313,1987,30.46%,11,154.5
AAPL230818C00165000,2023-02-03 3:19PM EST,165.0,9.35,8.85,9.1,2.15,+29.86%,273,880,29.43%,11,154.5
AAPL230818C00170000,2023-02-03 3:56PM EST,170.0,7.2,6.9,7.2,1.76,+32.35%,1090,1337,28.67%,11,154.5
AAPL230818C00175000,2023-02-03 3:52PM EST,175.0,5.46,5.2,5.6,1.16,+26.98%,115,1053,27.97%,11,154.5
AAPL230818C00180000,2023-02-03 3:35PM EST,180.0,4.18,3.9,4.35,1.18,+39.33%,263,901,27.54%,11,154.5
AAPL230818C00185000,2023-02-03 3:21PM EST,185.0,3.24,3.0,3.3,1.17,+56.52%,155,1165,27.04%,11,154.5
AAPL230818C00190000,2023-02-03 3:02PM EST,190.0,2.21,2.09,2.37,0.63,+39.87%,406,3171,26.26%,11,154.5
AAPL230818C00195000,2023-02-03 3:38PM EST,195.0,1.7,1.57,1.73,0.6,+54.55%,333,31,25.84%,11,154.5
AAPL230818C00200000,2023-02-03 12:52PM EST,200.0,1.27,1.13,1.28,0.38,+42.70%,101,99,25.65%,11,154.5
AAPL230818C00205000,2023-02-03 3:51PM EST,205.0,0.89,0.86,0.94,0.29,+48.33%,538,190,25.49%,11,154.5
AAPL230818C00210000,2023-02-03 12:24PM EST,210.0,0.78,0.58,0.7,0.35,+81.40%,10,28,25.46%,11,154.5
AAPL230818C00215000,2023-02-03 10:53AM EST,215.0,0.58,0.46,0.53,0.4,+222.22%,21,20,25.54%,11,154.5
AAPL230818C00220000,2023-02-03 12:27PM EST,220.0,0.43,0.33,0.4,0.18,+72.00%,3,3,25.64%,11,154.5
AAPL230818C00225000,2023-02-03 3:51PM EST,225.0,0.27,0.25,0.33,-0.01,-3.57%,449,9,26.07%,11,154.5
AAPL230818C00230000,2023-02-03 10:17AM EST,230.0,0.28,0.19,0.25,0.06,+27.27%,3,31,26.17%,11,154.5
AAPL230818C00235000,2023-02-03 2:37PM EST,235.0,0.16,0.14,0.2,0.03,+23.08%,2,932,26.47%,11,154.5
AAPL230818C00240000,2023-01-19 9:30AM EST,240.0,0.13,0.1,0.17,0.0,-,1,7,26.95%,11,154.5
AAPL230818C00245000,2023-02-03 10:04AM EST,245.0,0.16,0.08,0.15,0.13,+433.33%,200,3,27.54%,11,154.5
AAPL230818C00250000,2023-02-03 3:51PM EST,250.0,0.1,0.06,0.13,0.03,+42.86%,12,5,28.03%,11,154.5
AAPL230818C00255000,2023-02-02 3:06PM EST,255.0,0.07,0.05,0.12,0.0,-,4,84,28.71%,11,154.5
AAPL230818C00260000,2023-02-03 10:35AM EST,260.0,0.12,0.04,0.11,0.01,+9.09%,1,2,29.35%,11,154.5
AAPL230915C00065000,2023-01-06 2:31PM EST,65.0,66.4,90.45,91.6,0.0,-,1,1,72.39%,12,154.5
AAPL230915C00070000,2023-02-02 3:55PM EST,70.0,81.8,85.6,86.85,0.0,-,200,6147,68.84%,12,154.5
AAPL230915C00075000,2023-02-03 11:45AM EST,75.0,83.9,80.9,82.0,6.98,+9.07%,1,1991,65.53%,12,154.5
AAPL230915C00080000,2023-01-27 9:50AM EST,80.0,67.1,76.1,77.25,0.0,-,3,647,62.23%,12,154.5
AAPL230915C00085000,2023-02-03 1:09PM EST,85.0,71.58,71.35,72.5,10.63,+17.44%,2,695,59.11%,12,154.5
AAPL230915C00090000,2023-02-02 1:37PM EST,90.0,62.69,66.7,67.75,0.0,-,12,1382,56.27%,12,154.5
AAPL230915C00095000,2023-01-27 9:54AM EST,95.0,53.2,61.95,63.1,0.0,-,5,421,53.38%,12,154.5
AAPL230915C00100000,2023-02-03 3:52PM EST,100.0,58.0,57.35,58.45,4.5,+8.41%,36,3704,50.79%,12,154.5
AAPL230915C00105000,2023-02-03 11:57AM EST,105.0,55.02,52.8,53.9,12.13,+28.28%,10,602,50.74%,12,154.5
AAPL230915C00110000,2023-02-03 3:25PM EST,110.0,49.55,48.35,49.4,5.35,+12.10%,40,871,48.21%,12,154.5
AAPL230915C00115000,2023-02-03 3:18PM EST,115.0,44.84,43.85,45.0,4.89,+12.24%,17,1029,45.89%,12,154.5
AAPL230915C00120000,2023-02-03 3:18PM EST,120.0,40.57,39.75,40.3,5.87,+16.92%,64,5194,42.46%,12,154.5
AAPL230915C00125000,2023-02-03 2:27PM EST,125.0,36.34,35.5,36.25,4.34,+13.56%,67,3067,40.91%,12,154.5
AAPL230915C00130000,2023-02-03 3:54PM EST,130.0,32.1,31.7,32.2,3.79,+13.39%,99,2504,39.04%,12,154.5
AAPL230915C00135000,2023-02-03 3:58PM EST,135.0,28.25,27.9,28.35,4.85,+20.73%,83,3679,37.39%,12,154.5
AAPL230915C00140000,2023-02-03 2:37PM EST,140.0,25.05,24.25,24.75,4.25,+20.43%,262,4775,35.98%,12,154.5
AAPL230915C00145000,2023-02-03 3:50PM EST,145.0,21.03,20.85,21.25,3.73,+21.56%,272,12277,34.41%,12,154.5
AAPL230915C00150000,2023-02-03 3:59PM EST,150.0,17.98,17.6,18.05,2.84,+18.76%,1315,11711,33.08%,12,154.5
AAPL230915C00155000,2023-02-03 3:55PM EST,155.0,15.18,14.7,15.15,2.88,+23.41%,493,4958,31.91%,12,154.5
AAPL230915C00160000,2023-02-03 3:59PM EST,160.0,12.35,12.2,12.45,2.35,+23.50%,1017,9743,30.67%,12,154.5
AAPL230915C00165000,2023-02-03 3:59PM EST,165.0,10.0,9.85,10.1,2.25,+29.03%,1513,7449,29.63%,12,154.5
AAPL230915C00170000,2023-02-03 3:58PM EST,170.0,8.2,7.75,8.15,2.05,+33.33%,716,19227,28.89%,12,154.5
AAPL230915C00175000,2023-02-03 3:56PM EST,175.0,6.39,6.05,6.4,1.62,+33.96%,671,17491,28.03%,12,154.5
AAPL230915C00180000,2023-02-03 3:40PM EST,180.0,4.99,4.7,5.0,1.39,+38.61%,767,12565,27.40%,12,154.5
AAPL230915C00185000,2023-02-03 2:59PM EST,185.0,3.79,3.55,3.8,1.09,+40.37%,511,10174,26.70%,12,154.5
AAPL230915C00190000,2023-02-03 3:59PM EST,190.0,2.8,2.59,3.05,0.8,+40.00%,247,3922,26.73%,12,154.5
AAPL230915C00195000,2023-02-03 3:45PM EST,195.0,2.16,2.04,2.17,0.67,+44.97%,334,4165,25.82%,12,154.5
AAPL230915C00200000,2023-02-03 3:51PM EST,200.0,1.58,1.37,1.62,0.45,+39.82%,1533,9930,25.50%,12,154.5
AAPL230915C00205000,2023-02-03 3:33PM EST,205.0,1.15,1.14,1.21,0.37,+47.44%,51,1222,25.28%,12,154.5
AAPL230915C00210000,2023-02-03 3:40PM EST,210.0,0.87,0.83,0.9,0.3,+52.63%,260,3281,25.10%,12,154.5
AAPL230915C00220000,2023-02-03 1:30PM EST,220.0,0.51,0.44,0.58,0.16,+45.71%,1069,2749,25.61%,12,154.5
AAPL230915C00230000,2023-02-03 12:35PM EST,230.0,0.3,0.24,0.31,0.0,-,619,2775,25.29%,12,154.5
AAPL230915C00240000,2023-02-03 1:09PM EST,240.0,0.2,0.13,0.2,0.05,+33.33%,224,5685,25.78%,12,154.5
AAPL230915C00250000,2023-02-03 3:13PM EST,250.0,0.12,0.07,0.15,0.02,+20.00%,19,1356,26.71%,12,154.5
AAPL230915C00260000,2023-02-03 10:31AM EST,260.0,0.1,0.05,0.12,0.02,+25.00%,1,2870,27.74%,12,154.5
AAPL230915C00270000,2023-01-30 11:56AM EST,270.0,0.01,0.02,0.1,0.0,-,7,295,28.81%,12,154.5
AAPL230915C00280000,2023-02-03 11:15AM EST,280.0,0.11,0.01,0.09,0.08,+266.67%,2,622,30.08%,12,154.5
AAPL230915C00290000,2023-02-03 1:48PM EST,290.0,0.04,0.0,0.08,0.01,+33.33%,60,1090,31.15%,12,154.5
AAPL230915C00300000,2023-02-03 3:13PM EST,300.0,0.05,0.02,0.09,-0.03,-37.50%,308,8667,33.01%,12,154.5
AAPL231020C00065000,2023-01-10 11:25AM EST,65.0,67.0,90.6,92.1,0.0,-,1,1,70.39%,13,154.5
AAPL231020C00070000,2023-02-02 3:55PM EST,70.0,82.1,85.85,87.35,0.0,-,200,207,67.13%,13,154.5
AAPL231020C00075000,2023-02-01 3:50PM EST,75.0,73.02,81.15,82.55,0.0,-,1,3,63.88%,13,154.5
AAPL231020C00080000,2023-02-02 9:30AM EST,80.0,70.6,76.35,77.9,0.0,-,1,7,60.83%,13,154.5
AAPL231020C00085000,2023-02-01 11:32AM EST,85.0,61.05,71.75,73.2,0.0,-,2,2,58.19%,13,154.5
AAPL231020C00090000,2023-02-01 12:14PM EST,90.0,55.56,67.05,68.55,0.0,-,20,58,55.36%,13,154.5
AAPL231020C00095000,2023-01-31 12:08PM EST,95.0,52.17,62.45,63.95,0.0,-,1,28,52.84%,13,154.5
AAPL231020C00100000,2023-01-27 3:26PM EST,100.0,51.25,57.9,59.45,0.0,-,2,48,50.55%,13,154.5
AAPL231020C00105000,2023-01-26 12:15PM EST,105.0,43.2,53.3,55.05,0.0,-,20,111,51.42%,13,154.5
AAPL231020C00110000,2023-02-03 1:27PM EST,110.0,50.12,48.85,50.6,10.53,+26.60%,2,11,48.88%,13,154.5
AAPL231020C00115000,2023-02-01 11:17AM EST,115.0,34.91,44.4,46.25,0.0,-,11,44,46.55%,13,154.5
AAPL231020C00120000,2023-02-03 11:57AM EST,120.0,42.4,40.2,41.3,8.2,+23.98%,7,92,42.39%,13,154.5
AAPL231020C00125000,2023-02-03 1:14PM EST,125.0,37.05,36.15,37.75,6.42,+20.96%,5,162,42.01%,13,154.5
AAPL231020C00130000,2023-02-03 1:00PM EST,130.0,33.06,32.65,33.45,8.88,+36.72%,23,222,39.39%,13,154.5
AAPL231020C00135000,2023-02-03 3:07PM EST,135.0,29.15,28.85,29.45,3.91,+15.49%,82,261,37.30%,13,154.5
AAPL231020C00140000,2023-02-03 2:06PM EST,140.0,26.35,25.2,26.05,4.2,+18.96%,45,710,36.27%,13,154.5
AAPL231020C00145000,2023-02-03 2:44PM EST,145.0,22.7,21.85,22.45,3.6,+18.85%,93,1217,34.47%,13,154.5
AAPL231020C00150000,2023-02-03 3:57PM EST,150.0,19.35,18.75,19.35,3.15,+19.44%,544,1784,33.34%,13,154.5
AAPL231020C00155000,2023-02-03 3:38PM EST,155.0,16.35,15.75,16.4,3.18,+24.15%,245,2751,32.10%,13,154.5
AAPL231020C00160000,2023-02-03 3:35PM EST,160.0,13.65,13.15,13.7,2.9,+26.98%,865,4571,30.93%,13,154.5
AAPL231020C00165000,2023-02-03 3:29PM EST,165.0,11.41,10.95,11.3,1.87,+19.60%,338,1424,29.90%,13,154.5
AAPL231020C00170000,2023-02-03 3:48PM EST,170.0,9.06,8.95,9.25,1.66,+22.43%,368,3129,29.07%,13,154.5
AAPL231020C00175000,2023-02-03 3:05PM EST,175.0,7.22,7.2,7.5,1.57,+27.79%,5157,3252,28.39%,13,154.5
AAPL231020C00180000,2023-02-03 3:59PM EST,180.0,5.84,5.5,5.9,1.34,+29.78%,488,1185,27.52%,13,154.5
AAPL231020C00185000,2023-02-03 3:00PM EST,185.0,4.54,4.2,4.65,1.24,+37.58%,214,335,26.95%,13,154.5
AAPL231020C00190000,2023-02-03 1:59PM EST,190.0,3.74,3.4,3.6,1.19,+46.67%,79,509,26.38%,13,154.5
AAPL231020C00195000,2023-02-03 12:16PM EST,195.0,3.05,2.57,2.78,1.15,+60.53%,511,380,25.95%,13,154.5
AAPL231020C00200000,2023-02-03 3:58PM EST,200.0,2.06,1.96,2.12,0.56,+37.33%,1036,919,25.56%,13,154.5
AAPL231020C00205000,2023-02-03 3:46PM EST,205.0,1.54,1.46,1.62,0.46,+42.59%,115,165,25.28%,13,154.5
AAPL231020C00210000,2023-02-03 1:55PM EST,210.0,1.28,0.91,1.23,0.47,+58.02%,159,1044,25.05%,13,154.5
AAPL231020C00215000,2023-02-03 12:16PM EST,215.0,1.01,0.84,0.94,0.33,+48.53%,215,568,24.92%,13,154.5
AAPL231020C00220000,2023-02-03 11:49AM EST,220.0,0.78,0.63,0.71,0.32,+69.57%,4,353,24.76%,13,154.5
AAPL231020C00225000,2023-02-03 3:43PM EST,225.0,0.53,0.47,0.55,0.2,+60.61%,50,317,24.76%,13,154.5
AAPL231020C00230000,2023-01-31 1:28PM EST,230.0,0.16,0.36,0.44,0.0,-,4,257,24.90%,13,154.5
AAPL231020C00235000,2023-01-11 1:14PM EST,235.0,0.22,0.27,0.35,0.0,-,1,12,25.03%,13,154.5
AAPL231020C00240000,2023-02-03 2:04PM EST,240.0,0.26,0.2,0.28,0.15,+136.36%,1,69,25.17%,13,154.5
AAPL231020C00245000,2023-01-23 9:40AM EST,245.0,0.09,0.16,0.23,0.0,-,4,14,25.39%,13,154.5
AAPL231020C00250000,2023-01-26 9:58AM EST,250.0,0.19,0.11,0.21,0.0,-,10,21,25.98%,13,154.5
AAPL231020C00255000,2023-02-02 12:42PM EST,255.0,0.2,0.09,0.18,0.0,-,2,12,26.32%,13,154.5
AAPL231020C00260000,2023-01-27 9:32AM EST,260.0,0.01,0.07,0.16,0.0,-,1,1,26.76%,13,154.5
AAPL231020C00265000,2023-01-12 9:30AM EST,265.0,0.16,0.05,0.14,0.0,-,-,1,27.10%,13,154.5
AAPL231020C00295000,2023-01-30 11:06AM EST,295.0,0.03,0.02,0.1,0.0,-,2,140,30.37%,13,154.5
AAPL231215C00065000,2023-01-12 10:07AM EST,65.0,70.45,90.8,92.6,0.0,-,4,4,66.55%,14,154.5
AAPL231215C00070000,2023-02-01 12:56PM EST,70.0,74.8,86.15,87.85,0.0,-,1,6,63.62%,14,154.5
AAPL231215C00075000,2023-02-01 3:50PM EST,75.0,73.57,81.5,83.15,0.0,-,3,41,60.84%,14,154.5
AAPL231215C00080000,2023-02-01 1:42PM EST,80.0,65.74,77.0,78.4,0.0,-,2,26,58.30%,14,154.5
AAPL231215C00085000,2023-01-31 10:21AM EST,85.0,61.65,72.35,73.85,0.0,-,2,20,55.83%,14,154.5
AAPL231215C00090000,2023-02-03 3:20PM EST,90.0,69.1,67.75,69.3,11.95,+20.91%,10,558,53.41%,14,154.5
AAPL231215C00095000,2023-02-03 1:47PM EST,95.0,63.9,63.2,64.85,14.0,+28.06%,2,436,51.21%,14,154.5
AAPL231215C00100000,2023-02-03 2:17PM EST,100.0,59.87,58.7,60.45,6.04,+11.22%,7,677,52.09%,14,154.5
AAPL231215C00105000,2023-02-02 2:10PM EST,105.0,51.45,54.35,56.15,0.0,-,8,134,50.08%,14,154.5
AAPL231215C00110000,2023-02-03 2:27PM EST,110.0,51.28,49.9,51.9,4.08,+8.64%,41,109,48.08%,14,154.5
AAPL231215C00115000,2023-02-03 3:01PM EST,115.0,46.3,45.65,46.9,3.25,+7.55%,1,97,43.96%,14,154.5
AAPL231215C00120000,2023-02-03 12:24PM EST,120.0,44.47,41.7,43.4,6.64,+17.55%,14,150,43.71%,14,154.5
AAPL231215C00125000,2023-02-03 1:10PM EST,125.0,38.35,38.1,38.8,4.0,+11.64%,56,228,40.55%,14,154.5
AAPL231215C00130000,2023-02-03 2:25PM EST,130.0,35.1,34.3,34.9,3.85,+12.32%,16,764,38.89%,14,154.5
AAPL231215C00135000,2023-02-03 2:06PM EST,135.0,31.8,30.55,31.35,3.81,+13.61%,30,2125,37.73%,14,154.5
AAPL231215C00140000,2023-02-03 1:48PM EST,140.0,28.1,27.15,27.85,4.1,+17.08%,1035,3971,36.40%,14,154.5
AAPL231215C00145000,2023-02-03 3:43PM EST,145.0,24.53,23.85,24.75,3.28,+15.44%,57,2524,35.54%,14,154.5
AAPL231215C00150000,2023-02-03 2:07PM EST,150.0,21.75,20.7,21.4,3.45,+18.85%,2703,5637,33.92%,14,154.5
AAPL231215C00155000,2023-02-03 3:58PM EST,155.0,18.38,17.95,18.45,2.99,+19.43%,589,804,32.72%,14,154.5
AAPL231215C00160000,2023-02-03 3:54PM EST,160.0,15.79,15.2,16.1,3.24,+25.82%,1218,6171,32.24%,14,154.5
AAPL231215C00165000,2023-02-03 1:56PM EST,165.0,13.8,12.7,13.4,2.9,+26.61%,134,2656,30.80%,14,154.5
AAPL231215C00170000,2023-02-03 3:13PM EST,170.0,11.27,10.65,11.4,2.27,+25.22%,482,2401,30.22%,14,154.5
AAPL231215C00175000,2023-02-03 3:52PM EST,175.0,9.2,8.75,9.65,1.9,+26.03%,500,11542,29.74%,14,154.5
AAPL231215C00180000,2023-02-03 3:49PM EST,180.0,7.4,7.1,7.7,1.86,+33.57%,216,3751,28.50%,14,154.5
AAPL231215C00185000,2023-02-03 3:16PM EST,185.0,6.2,5.75,6.25,1.85,+42.53%,73,947,27.83%,14,154.5
AAPL231215C00190000,2023-02-03 3:49PM EST,190.0,4.89,4.5,5.05,1.43,+41.33%,103,384,27.28%,14,154.5
AAPL231215C00195000,2023-02-03 1:31PM EST,195.0,3.95,3.5,4.1,1.2,+43.64%,48,319,26.92%,14,154.5
AAPL231215C00200000,2023-02-03 2:23PM EST,200.0,3.3,3.0,3.2,0.88,+36.36%,269,10564,26.31%,14,154.5
AAPL231215C00205000,2023-02-03 1:41PM EST,205.0,2.48,2.34,2.78,0.73,+41.71%,7,1109,26.69%,14,154.5
AAPL231215C00210000,2023-02-03 3:57PM EST,210.0,1.95,1.59,2.0,0.61,+45.52%,51,969,25.67%,14,154.5
AAPL231215C00215000,2023-02-03 3:04PM EST,215.0,1.43,1.26,1.78,0.43,+43.00%,1076,373,26.22%,14,154.5
AAPL231215C00220000,2023-02-03 1:47PM EST,220.0,1.25,1.13,1.23,0.4,+47.06%,1019,230,25.19%,14,154.5
AAPL231215C00225000,2023-02-03 12:58PM EST,225.0,0.91,0.9,0.98,0.48,+111.63%,15,432,25.11%,14,154.5
AAPL231215C00230000,2023-02-03 1:02PM EST,230.0,0.76,0.7,0.78,0.38,+100.00%,2,341,25.05%,14,154.5
AAPL231215C00235000,2023-02-01 3:03PM EST,235.0,0.3,0.54,0.62,0.0,-,2,47,25.00%,14,154.5
AAPL231215C00240000,2023-02-03 10:42AM EST,240.0,0.55,0.42,0.51,0.31,+129.17%,9,67,25.11%,14,154.5
AAPL231215C00245000,2023-02-03 3:41PM EST,245.0,0.39,0.33,0.41,0.14,+56.00%,120,252,25.12%,14,154.5
AAPL231215C00250000,2023-02-02 1:36PM EST,250.0,0.35,0.26,0.35,0.13,+59.09%,1,83,25.37%,14,154.5
AAPL231215C00255000,2022-12-16 1:35PM EST,255.0,0.64,0.0,0.34,0.0,-,4,4,26.10%,14,154.5
AAPL231215C00260000,2023-02-03 1:49PM EST,260.0,0.24,0.16,0.25,0.04,+20.00%,423,7,25.76%,14,154.5
AAPL231215C00265000,2022-12-19 12:51PM EST,265.0,0.27,0.0,0.31,0.0,-,-,2,27.34%,14,154.5
AAPL231215C00275000,2023-02-02 1:52PM EST,275.0,0.14,0.08,0.17,0.0,-,6,11,26.64%,14,154.5
AAPL231215C00280000,2023-02-03 11:57AM EST,280.0,0.13,0.07,0.16,0.04,+44.44%,5,60,27.12%,14,154.5
AAPL231215C00285000,2022-12-22 10:59AM EST,285.0,0.41,0.0,0.3,0.0,-,-,1,30.20%,14,154.5
AAPL231215C00295000,2023-02-03 12:53PM EST,295.0,0.08,0.05,0.13,0.01,+14.29%,143,190,28.42%,14,154.5
AAPL240119C00050000,2023-02-03 2:03PM EST,50.0,106.85,105.25,107.2,5.53,+5.46%,7,17642,75.64%,15,154.5
AAPL240119C00055000,2023-01-24 2:50PM EST,55.0,89.98,100.65,102.45,0.0,-,85,3680,72.63%,15,154.5
AAPL240119C00060000,2023-02-02 11:16AM EST,60.0,91.88,95.9,97.75,0.0,-,13,2435,69.21%,15,154.5
AAPL240119C00065000,2023-02-03 2:27PM EST,65.0,92.5,91.3,93.05,5.55,+6.38%,50,2769,66.38%,15,154.5
AAPL240119C00070000,2023-02-03 12:59PM EST,70.0,87.4,86.65,88.25,5.0,+6.07%,3,2193,63.09%,15,154.5
AAPL240119C00075000,2023-02-03 10:42AM EST,75.0,85.0,82.0,83.65,13.7,+19.21%,6,2460,60.43%,15,154.5
AAPL240119C00080000,2023-02-03 12:27PM EST,80.0,80.0,77.35,78.65,6.38,+8.67%,146,1365,56.78%,15,154.5
AAPL240119C00085000,2023-02-03 1:09PM EST,85.0,73.33,72.8,74.4,5.33,+7.84%,15,369,55.15%,15,154.5
AAPL240119C00090000,2023-02-03 3:14PM EST,90.0,69.45,68.25,69.55,4.7,+7.26%,14,1504,52.16%,15,154.5
AAPL240119C00095000,2023-02-03 1:40PM EST,95.0,65.0,63.8,65.5,4.82,+8.01%,21,3140,50.82%,15,154.5
AAPL240119C00100000,2023-02-03 3:52PM EST,100.0,60.46,59.45,61.1,3.96,+7.01%,656,8569,51.45%,15,154.5
AAPL240119C00105000,2023-02-03 12:38PM EST,105.0,57.35,55.05,56.85,6.0,+11.68%,2,1601,49.52%,15,154.5
AAPL240119C00110000,2023-02-03 3:40PM EST,110.0,51.96,50.8,52.55,4.78,+10.13%,87,3933,47.35%,15,154.5
AAPL240119C00115000,2023-02-03 3:30PM EST,115.0,47.7,46.6,47.75,4.25,+9.78%,428,1981,43.85%,15,154.5
AAPL240119C00120000,2023-02-03 2:08PM EST,120.0,44.45,42.65,43.7,5.22,+13.31%,1950,10652,42.16%,15,154.5
AAPL240119C00125000,2023-02-03 3:51PM EST,125.0,39.45,38.75,39.85,4.75,+13.69%,270,10208,40.75%,15,154.5
AAPL240119C00130000,2023-02-03 3:55PM EST,130.0,36.05,35.4,35.95,4.4,+13.90%,349,10551,39.04%,15,154.5
AAPL240119C00135000,2023-02-03 3:55PM EST,135.0,32.36,31.75,32.45,3.93,+13.82%,338,10116,37.92%,15,154.5
AAPL240119C00140000,2023-02-03 3:52PM EST,140.0,28.6,28.35,28.9,3.2,+12.60%,380,16172,36.46%,15,154.5
AAPL240119C00145000,2023-02-03 3:51PM EST,145.0,25.46,24.95,25.6,3.11,+13.91%,1172,12231,35.22%,15,154.5
AAPL240119C00150000,2023-02-03 3:58PM EST,150.0,22.46,21.95,22.75,3.16,+16.37%,2163,33593,34.49%,15,154.5
AAPL240119C00155000,2023-02-03 3:54PM EST,155.0,19.62,19.05,19.65,3.22,+19.63%,356,10343,33.05%,15,154.5
AAPL240119C00160000,2023-02-03 3:45PM EST,160.0,16.94,16.35,17.0,2.77,+19.55%,1872,23365,32.07%,15,154.5
AAPL240119C00165000,2023-02-03 3:42PM EST,165.0,14.64,14.1,14.55,2.79,+23.54%,667,15909,31.13%,15,154.5
AAPL240119C00170000,2023-02-03 3:59PM EST,170.0,12.0,12.0,12.4,1.9,+18.81%,1839,21439,30.36%,15,154.5
AAPL240119C00175000,2023-02-03 3:49PM EST,175.0,10.15,10.0,10.65,1.9,+23.03%,1017,21957,29.94%,15,154.5
AAPL240119C00180000,2023-02-03 3:52PM EST,180.0,8.52,8.4,8.7,1.82,+27.16%,1134,20586,28.85%,15,154.5
AAPL240119C00185000,2023-02-03 3:49PM EST,185.0,6.9,6.65,7.1,1.31,+23.43%,570,20300,28.03%,15,154.5
AAPL240119C00190000,2023-02-03 3:52PM EST,190.0,5.79,5.35,5.85,1.24,+27.25%,855,16247,27.52%,15,154.5
AAPL240119C00195000,2023-02-03 3:32PM EST,195.0,4.77,4.5,4.8,1.3,+37.46%,1980,11871,27.10%,15,154.5
AAPL240119C00200000,2023-02-03 3:59PM EST,200.0,3.8,3.7,3.8,0.9,+31.03%,3046,40802,26.45%,15,154.5
AAPL240119C00205000,2023-02-03 3:59PM EST,205.0,2.96,2.92,3.1,0.71,+31.56%,6575,4485,26.19%,15,154.5
AAPL240119C00210000,2023-02-03 3:58PM EST,210.0,2.44,2.32,2.49,0.66,+37.08%,383,10463,25.87%,15,154.5
AAPL240119C00215000,2023-02-03 3:56PM EST,215.0,1.95,1.82,1.99,0.54,+38.30%,2892,7844,25.59%,15,154.5
AAPL240119C00220000,2023-02-03 3:56PM EST,220.0,1.58,1.5,1.58,0.45,+39.82%,3675,15357,25.33%,15,154.5
AAPL240119C00225000,2023-02-03 3:41PM EST,225.0,1.25,1.19,1.43,0.34,+37.36%,361,5904,25.87%,15,154.5
AAPL240119C00230000,2023-02-03 2:51PM EST,230.0,1.02,0.94,1.02,0.32,+45.71%,2859,3170,25.07%,15,154.5
AAPL240119C00235000,2023-02-03 1:28PM EST,235.0,0.78,0.75,0.82,0.2,+34.48%,597,2602,24.99%,15,154.5
AAPL240119C00240000,2023-02-03 3:19PM EST,240.0,0.65,0.59,0.67,0.16,+32.65%,77,8825,24.99%,15,154.5
AAPL240119C00245000,2023-02-03 3:09PM EST,245.0,0.52,0.47,0.55,0.12,+30.00%,362,3196,25.03%,15,154.5
AAPL240119C00250000,2023-02-03 2:48PM EST,250.0,0.45,0.35,0.45,0.15,+50.00%,684,11270,25.05%,15,154.5
AAPL240119C00255000,2023-02-03 10:31AM EST,255.0,0.39,0.3,0.38,0.14,+56.00%,2,552,25.20%,15,154.5
AAPL240119C00260000,2023-02-03 3:45PM EST,260.0,0.31,0.25,0.32,0.03,+10.71%,793,11925,25.32%,15,154.5
AAPL240119C00265000,2023-02-03 10:49AM EST,265.0,0.26,0.21,0.27,-0.04,-13.33%,9,350,25.44%,15,154.5
AAPL240119C00270000,2023-02-03 12:54PM EST,270.0,0.21,0.18,0.24,0.17,+425.00%,48,1316,25.73%,15,154.5
AAPL240119C00275000,2023-02-03 11:57AM EST,275.0,0.19,0.13,0.21,0.03,+18.75%,6,230,25.98%,15,154.5
AAPL240119C00280000,2023-02-03 11:46AM EST,280.0,0.18,0.11,0.19,0.01,+5.88%,83,1437,26.29%,15,154.5
AAPL240119C00285000,2023-02-03 3:01PM EST,285.0,0.15,0.1,0.18,0.08,+114.29%,1,14,26.76%,15,154.5
AAPL240119C00290000,2023-02-03 10:31AM EST,290.0,0.14,0.1,0.16,-0.01,-6.67%,15,774,27.00%,15,154.5
AAPL240119C00300000,2023-02-03 3:31PM EST,300.0,0.11,0.08,0.11,0.0,-,674,21433,27.00%,15,154.5
AAPL240119C00310000,2023-02-03 10:21AM EST,310.0,0.07,0.06,0.13,-0.02,-22.22%,4,1484,28.66%,15,154.5
AAPL240119C00320000,2023-02-03 3:47PM EST,320.0,0.07,0.07,0.11,-0.01,-12.50%,240,6176,29.20%,15,154.5
AAPL240315C00050000,2023-02-03 2:12PM EST,50.0,107.1,105.2,107.65,6.55,+6.51%,2,18,72.02%,16,154.5
AAPL240315C00055000,2023-01-23 9:53AM EST,55.0,87.05,100.5,102.95,0.0,-,1,670,68.77%,16,154.5
AAPL240315C00060000,2023-01-30 11:43AM EST,60.0,92.0,95.9,98.25,5.5,+6.36%,1,149,65.94%,16,154.5
AAPL240315C00065000,2023-01-23 3:16PM EST,65.0,79.02,91.3,93.55,0.0,-,1,74,63.11%,16,154.5
AAPL240315C00070000,2023-02-03 1:45PM EST,70.0,87.6,86.65,88.9,13.18,+17.71%,1,133,60.30%,16,154.5
AAPL240315C00075000,2023-02-03 12:59PM EST,75.0,83.22,82.15,84.25,18.23,+28.05%,2,97,57.89%,16,154.5
AAPL240315C00080000,2023-01-27 3:22PM EST,80.0,71.0,77.7,79.7,0.0,-,60,159,55.74%,16,154.5
AAPL240315C00085000,2023-01-23 9:32AM EST,85.0,59.25,73.25,75.15,0.0,-,1,181,53.52%,16,154.5
AAPL240315C00090000,2023-02-02 9:55AM EST,90.0,68.22,68.9,70.65,4.22,+6.59%,10,65,51.51%,16,154.5
AAPL240315C00095000,2023-02-03 10:40AM EST,95.0,67.2,64.45,65.9,12.56,+22.99%,1,67,51.12%,16,154.5
AAPL240315C00100000,2023-02-03 3:45PM EST,100.0,61.4,60.15,62.1,4.7,+8.29%,21,168,50.57%,16,154.5
AAPL240315C00105000,2023-02-03 11:58AM EST,105.0,58.13,55.85,57.9,5.81,+11.10%,6,142,48.71%,16,154.5
AAPL240315C00110000,2023-02-03 11:58AM EST,110.0,53.98,51.6,53.1,5.78,+11.99%,1308,399,45.29%,16,154.5
AAPL240315C00115000,2023-02-03 2:43PM EST,115.0,49.2,47.6,49.05,5.96,+13.78%,210,395,43.67%,16,154.5
AAPL240315C00120000,2023-02-03 3:40PM EST,120.0,45.1,44.35,44.95,4.81,+11.94%,5857,473,41.81%,16,154.5
AAPL240315C00125000,2023-02-03 3:41PM EST,125.0,41.3,40.4,41.3,4.75,+13.00%,746,362,40.72%,16,154.5
AAPL240315C00130000,2023-02-03 3:17PM EST,130.0,37.55,36.7,37.6,5.15,+15.90%,2011,400,39.34%,16,154.5
AAPL240315C00135000,2023-02-03 1:37PM EST,135.0,34.0,33.25,34.05,4.05,+13.52%,79,174,38.06%,16,154.5
AAPL240315C00140000,2023-02-03 3:36PM EST,140.0,30.6,29.85,30.7,4.0,+15.04%,79,635,36.91%,16,154.5
AAPL240315C00145000,2023-02-03 1:36PM EST,145.0,27.35,27.0,27.45,3.69,+15.60%,63,673,35.73%,16,154.5
AAPL240315C00150000,2023-02-03 3:59PM EST,150.0,24.15,23.65,24.4,2.4,+11.03%,244,808,34.64%,16,154.5
AAPL240315C00155000,2023-02-03 2:42PM EST,155.0,21.9,21.0,21.65,4.19,+23.66%,54,770,33.80%,16,154.5
AAPL240315C00160000,2023-02-03 3:47PM EST,160.0,18.7,18.15,18.95,2.74,+17.17%,29,2393,32.79%,16,154.5
AAPL240315C00165000,2023-02-03 3:12PM EST,165.0,16.39,15.75,16.5,1.84,+12.65%,130,325,31.90%,16,154.5
AAPL240315C00170000,2023-02-03 3:28PM EST,170.0,14.3,13.9,14.3,3.2,+28.83%,155,688,31.14%,16,154.5
AAPL240315C00175000,2023-02-03 3:46PM EST,175.0,12.17,11.5,12.3,2.92,+31.57%,131,335,30.42%,16,154.5
AAPL240315C00180000,2023-02-03 3:34PM EST,180.0,10.3,10.0,10.45,2.15,+26.38%,101,1778,29.66%,16,154.5
AAPL240315C00185000,2023-02-03 3:34PM EST,185.0,8.75,8.2,8.95,1.75,+25.00%,224,1216,29.21%,16,154.5
AAPL240315C00190000,2023-02-03 3:56PM EST,190.0,7.35,6.8,7.5,1.75,+31.25%,77,338,28.56%,16,154.5
AAPL240315C00195000,2023-02-03 1:50PM EST,195.0,6.45,5.7,6.3,1.25,+24.04%,108,260,28.09%,16,154.5
AAPL240315C00200000,2023-02-03 3:00PM EST,200.0,5.05,4.6,5.25,1.05,+26.25%,184,658,27.63%,16,154.5
AAPL240315C00205000,2023-02-03 2:19PM EST,205.0,4.3,4.05,4.35,1.05,+32.31%,12,371,27.21%,16,154.5
AAPL240315C00210000,2023-02-03 3:17PM EST,210.0,3.53,3.0,3.6,1.0,+39.53%,12,378,26.87%,16,154.5
AAPL240315C00215000,2023-02-03 3:58PM EST,215.0,2.85,2.74,2.99,1.05,+58.33%,21,170,26.62%,16,154.5
AAPL240315C00220000,2023-02-03 1:40PM EST,220.0,2.4,2.24,2.44,0.77,+47.24%,10,626,26.29%,16,154.5
AAPL240315C00225000,2023-02-03 1:56PM EST,225.0,2.06,1.59,2.03,0.76,+58.46%,66,1393,26.14%,16,154.5
AAPL240315C00230000,2023-02-03 9:30AM EST,230.0,0.85,1.22,1.66,-0.18,-17.48%,2,136,25.92%,16,154.5
AAPL240315C00235000,2023-02-02 12:41PM EST,235.0,0.84,1.07,1.34,0.0,-,20,84,25.66%,16,154.5
AAPL240315C00240000,2022-12-29 9:54AM EST,240.0,0.91,0.25,0.89,0.0,-,2,26,24.48%,16,154.5
AAPL240315C00245000,2023-01-25 10:36AM EST,245.0,0.4,0.83,0.92,0.0,-,1,42,25.51%,16,154.5
AAPL240315C00250000,2023-02-03 1:49PM EST,250.0,0.76,0.68,0.77,0.21,+38.18%,1008,150,25.50%,16,154.5
AAPL240315C00255000,2023-01-30 2:22PM EST,255.0,0.31,0.55,0.65,0.0,-,2,24,25.54%,16,154.5
AAPL240315C00260000,2023-01-23 2:44PM EST,260.0,0.28,0.42,0.55,0.0,-,100,236,25.57%,16,154.5
AAPL240315C00265000,2023-02-02 3:26PM EST,265.0,0.35,0.37,0.47,0.0,-,71,436,25.66%,16,154.5
AAPL240315C00270000,2023-02-02 3:48PM EST,270.0,0.4,0.3,0.4,0.0,-,12,623,25.72%,16,154.5
AAPL240315C00275000,2023-02-03 1:40PM EST,275.0,0.33,0.26,0.35,0.15,+83.33%,4,1251,25.88%,16,154.5
AAPL240315C00280000,2023-02-03 11:48AM EST,280.0,0.32,0.21,0.3,0.07,+28.00%,5,332,25.95%,16,154.5
AAPL240315C00285000,2023-02-03 12:53PM EST,285.0,0.24,0.18,0.27,0.06,+33.33%,1,567,26.22%,16,154.5
AAPL240621C00050000,2023-02-03 12:04PM EST,50.0,108.0,105.65,108.3,5.52,+5.39%,3,1614,68.70%,17,154.5
AAPL240621C00055000,2023-01-18 3:13PM EST,55.0,84.47,101.05,103.75,0.0,-,1,908,66.04%,17,154.5
AAPL240621C00060000,2023-02-03 3:36PM EST,60.0,98.08,96.5,99.15,4.8,+5.15%,8,886,63.39%,17,154.5
AAPL240621C00065000,2023-02-03 11:10AM EST,65.0,94.4,92.0,94.5,27.49,+41.09%,2,495,60.74%,17,154.5
AAPL240621C00070000,2023-01-23 3:06PM EST,70.0,75.47,87.5,89.95,0.0,-,1,258,58.34%,17,154.5
AAPL240621C00075000,2023-02-03 2:10PM EST,75.0,85.16,83.1,85.4,8.43,+10.99%,10,1503,56.13%,17,154.5
AAPL240621C00080000,2023-02-03 2:10PM EST,80.0,80.66,78.6,80.95,11.76,+17.07%,9,751,53.89%,17,154.5
AAPL240621C00085000,2023-02-03 11:54AM EST,85.0,77.45,74.25,76.0,13.05,+20.26%,1,763,51.07%,17,154.5
AAPL240621C00090000,2023-02-03 1:54PM EST,90.0,72.3,69.95,71.65,5.3,+7.91%,151,1192,51.73%,17,154.5
AAPL240621C00095000,2023-02-03 10:19AM EST,95.0,66.64,65.75,67.4,10.74,+19.21%,2,670,49.87%,17,154.5
AAPL240621C00100000,2023-02-03 3:03PM EST,100.0,62.25,61.5,63.2,5.16,+9.04%,92,2219,48.07%,17,154.5
AAPL240621C00105000,2023-02-03 11:10AM EST,105.0,59.55,57.45,59.1,5.8,+10.79%,6,288,46.42%,17,154.5
AAPL240621C00110000,2023-02-03 2:40PM EST,110.0,55.5,53.4,55.0,5.2,+10.34%,3,1003,44.69%,17,154.5
AAPL240621C00115000,2023-02-03 3:25PM EST,115.0,51.1,49.65,51.15,3.6,+7.58%,22,893,43.36%,17,154.5
AAPL240621C00120000,2023-02-03 12:24PM EST,120.0,48.67,45.8,47.35,6.37,+15.06%,1540,13868,42.00%,17,154.5
AAPL240621C00125000,2023-02-03 1:26PM EST,125.0,43.5,42.7,43.65,4.15,+10.55%,462,719,40.68%,17,154.5
AAPL240621C00130000,2023-02-03 2:57PM EST,130.0,39.65,39.05,40.1,3.95,+11.06%,223,5303,39.48%,17,154.5
AAPL240621C00135000,2023-02-03 3:53PM EST,135.0,36.45,35.7,36.65,4.05,+12.50%,152,5501,38.28%,17,154.5
AAPL240621C00140000,2023-02-03 3:51PM EST,140.0,33.03,32.5,33.35,3.53,+11.97%,53,4156,37.17%,17,154.5
AAPL240621C00145000,2023-02-03 3:52PM EST,145.0,29.9,29.3,30.3,4.53,+17.86%,90,2917,36.26%,17,154.5
AAPL240621C00150000,2023-02-03 3:56PM EST,150.0,27.15,26.35,27.3,3.15,+13.12%,661,15375,35.25%,17,154.5
AAPL240621C00155000,2023-02-03 3:56PM EST,155.0,24.41,23.6,24.45,3.37,+16.02%,295,3307,34.26%,17,154.5
AAPL240621C00160000,2023-02-03 3:52PM EST,160.0,21.65,21.1,21.9,3.05,+16.40%,176,5530,33.51%,17,154.5
AAPL240621C00165000,2023-02-03 2:52PM EST,165.0,19.54,18.6,19.5,3.22,+19.73%,350,3507,32.77%,17,154.5
AAPL240621C00170000,2023-02-03 3:58PM EST,170.0,17.11,16.6,17.25,2.86,+20.07%,85,5982,32.04%,17,154.5
AAPL240621C00175000,2023-02-03 3:25PM EST,175.0,15.16,14.45,15.2,2.61,+20.80%,108,7965,31.38%,17,154.5
AAPL240621C00180000,2023-02-03 3:54PM EST,180.0,13.15,12.45,13.65,2.5,+23.47%,344,5183,31.22%,17,154.5
AAPL240621C00185000,2023-02-03 3:49PM EST,185.0,10.97,10.95,11.6,1.57,+16.70%,452,3238,30.15%,17,154.5
AAPL240621C00190000,2023-02-03 12:14PM EST,190.0,10.45,9.25,10.05,2.83,+37.14%,33,4513,29.58%,17,154.5
AAPL240621C00195000,2023-02-03 2:04PM EST,195.0,8.8,7.9,8.7,2.11,+31.54%,98,3297,29.11%,17,154.5
AAPL240621C00200000,2023-02-03 3:55PM EST,200.0,7.35,7.05,7.5,1.6,+27.83%,546,6757,28.68%,17,154.5
AAPL240621C00205000,2023-02-03 2:25PM EST,205.0,6.3,5.75,6.75,1.7,+36.96%,152,1303,28.81%,17,154.5
AAPL240621C00210000,2023-02-03 2:11PM EST,210.0,5.45,4.75,5.5,1.45,+36.25%,7,2167,27.89%,17,154.5
AAPL240621C00215000,2023-02-03 1:55PM EST,215.0,4.75,4.4,4.65,1.78,+59.93%,1,2122,27.47%,17,154.5
AAPL240621C00220000,2023-02-03 1:10PM EST,220.0,3.75,3.3,3.95,0.85,+29.31%,59,1248,27.16%,17,154.5
AAPL240621C00225000,2023-02-03 11:48AM EST,225.0,3.53,2.79,3.35,0.93,+35.77%,168,2353,26.89%,17,154.5
AAPL240621C00230000,2023-02-03 12:33PM EST,230.0,2.8,2.31,2.84,1.52,+118.75%,6,1296,26.65%,17,154.5
AAPL240621C00235000,2023-02-03 2:13PM EST,235.0,2.41,2.22,2.71,0.91,+60.67%,769,558,27.28%,17,154.5
AAPL240621C00240000,2023-02-02 11:58AM EST,240.0,1.32,1.91,2.33,0.0,-,11,1026,27.14%,17,154.5
AAPL240621C00245000,2023-02-02 12:35PM EST,245.0,1.17,1.61,1.75,0.0,-,1,1589,26.20%,17,154.5
AAPL240621C00250000,2023-02-03 3:57PM EST,250.0,1.47,1.36,1.47,0.35,+31.25%,88,4308,26.01%,17,154.5
AAPL240621C00255000,2023-02-03 11:08AM EST,255.0,1.3,1.15,1.25,0.47,+56.63%,50,156,25.90%,17,154.5
AAPL240621C00260000,2023-02-03 3:20PM EST,260.0,1.06,0.98,1.08,0.25,+30.86%,18,963,25.90%,17,154.5
AAPL240621C00265000,2023-01-06 1:42PM EST,265.0,0.68,0.83,0.93,0.0,-,1,203,25.88%,17,154.5
AAPL240621C00270000,2023-02-03 3:06PM EST,270.0,0.72,0.7,0.8,0.22,+44.00%,22,1502,25.86%,17,154.5
AAPL240621C00275000,2023-02-02 10:43AM EST,275.0,0.6,0.6,0.7,0.14,+30.43%,2,154,25.92%,17,154.5
AAPL240621C00280000,2023-01-31 9:55AM EST,280.0,0.35,0.51,0.61,0.0,-,4,371,25.95%,17,154.5
AAPL240621C00285000,2023-01-05 2:32PM EST,285.0,0.46,0.44,0.54,0.0,-,32,52,26.05%,17,154.5
AAPL240621C00290000,2023-02-02 1:51PM EST,290.0,0.35,0.38,0.47,0.0,-,30,1294,26.07%,17,154.5
AAPL240621C00300000,2023-02-03 3:46PM EST,300.0,0.38,0.3,0.38,0.08,+26.67%,360,2573,26.36%,17,154.5
AAPL240621C00310000,2023-02-03 12:11PM EST,310.0,0.3,0.21,0.31,0.2,+200.00%,7,765,26.64%,17,154.5
AAPL240621C00320000,2023-02-03 3:58PM EST,320.0,0.24,0.22,0.24,0.02,+9.09%,91,11371,26.73%,17,154.5
AAPL240920C00050000,2023-02-02 3:25PM EST,50.0,102.14,105.95,108.65,0.0,-,6,1,65.25%,18,154.5
AAPL240920C00070000,2023-01-19 2:00PM EST,70.0,70.8,88.1,90.8,0.0,-,-,20,56.43%,18,154.5
AAPL240920C00085000,2023-01-26 12:40PM EST,85.0,65.5,75.1,77.75,0.0,-,-,1,50.71%,18,154.5
AAPL240920C00090000,2023-02-01 10:33AM EST,90.0,61.45,70.9,73.45,0.0,-,2,5,52.13%,18,154.5
AAPL240920C00100000,2023-01-26 12:40PM EST,100.0,53.45,62.8,65.1,0.0,-,-,1,48.35%,18,154.5
AAPL240920C00110000,2023-02-03 3:01PM EST,110.0,55.75,54.85,56.6,4.0,+7.73%,1,2,44.17%,18,154.5
AAPL240920C00125000,2023-02-03 11:09AM EST,125.0,45.65,44.4,45.5,10.0,+28.05%,6,8,40.39%,18,154.5
AAPL240920C00130000,2023-02-02 1:49PM EST,130.0,37.8,40.9,42.1,0.0,-,2,5,39.37%,18,154.5
AAPL240920C00135000,2023-02-03 11:00AM EST,135.0,39.1,37.55,38.8,7.35,+23.15%,6,40,38.36%,18,154.5
AAPL240920C00140000,2023-02-03 3:31PM EST,140.0,35.5,34.3,35.55,3.7,+11.64%,2,17,37.29%,18,154.5
AAPL240920C00145000,2023-02-03 11:25AM EST,145.0,33.85,31.35,32.55,5.81,+20.72%,3,31,36.43%,18,154.5
AAPL240920C00150000,2023-02-03 1:38PM EST,150.0,29.53,28.45,29.65,3.88,+15.13%,19,418,35.55%,18,154.5
AAPL240920C00155000,2023-02-03 3:17PM EST,155.0,26.75,25.7,26.9,4.09,+18.05%,27,65,34.71%,18,154.5
AAPL240920C00160000,2023-02-03 1:28PM EST,160.0,24.24,23.2,24.25,4.09,+20.30%,23,45,33.85%,18,154.5
AAPL240920C00165000,2023-02-03 12:00PM EST,165.0,21.93,20.75,21.9,7.03,+47.18%,38,20,33.21%,18,154.5
AAPL240920C00170000,2023-02-03 1:12PM EST,170.0,19.35,18.55,19.65,3.35,+20.94%,15,150,32.54%,18,154.5
AAPL240920C00175000,2023-02-03 12:06PM EST,175.0,17.96,16.75,18.05,3.99,+28.56%,13,63,32.53%,18,154.5
AAPL240920C00180000,2023-02-03 3:57PM EST,180.0,15.55,14.6,15.65,3.2,+25.91%,9,50,31.33%,18,154.5
AAPL240920C00185000,2023-02-03 3:57PM EST,185.0,13.8,13.2,13.85,3.3,+31.43%,71,172,30.73%,18,154.5
AAPL240920C00190000,2023-02-03 12:38PM EST,190.0,12.53,11.2,12.3,2.53,+25.30%,151,11,30.30%,18,154.5
AAPL240920C00195000,2023-02-03 3:57PM EST,195.0,10.7,9.8,10.8,2.11,+24.56%,7,8,29.76%,18,154.5
AAPL240920C00200000,2023-02-03 2:13PM EST,200.0,9.58,8.5,9.45,2.58,+36.86%,45,13,29.27%,18,154.5
AAPL240920C00205000,2023-02-03 12:42PM EST,205.0,8.45,7.35,8.3,3.62,+74.95%,27,7,28.91%,18,154.5
AAPL240920C00210000,2023-02-02 12:45PM EST,210.0,5.35,6.3,7.25,0.0,-,94,129,28.54%,18,154.5
AAPL240920C00215000,2023-01-31 2:10PM EST,215.0,3.53,5.4,6.3,0.0,-,2,5,28.17%,18,154.5
AAPL240920C00220000,2023-02-03 12:53PM EST,220.0,5.35,4.6,5.5,2.68,+100.37%,1,126,27.90%,18,154.5
AAPL240920C00225000,2023-02-03 12:25PM EST,225.0,4.94,3.9,4.75,1.79,+56.83%,144,13,27.56%,18,154.5
AAPL240920C00230000,2023-02-01 12:26PM EST,230.0,1.72,3.35,4.1,0.0,-,3,44,27.27%,18,154.5
AAPL240920C00240000,2023-01-31 3:27PM EST,240.0,1.62,2.4,3.1,0.0,-,24,14,26.91%,18,154.5
AAPL240920C00250000,2023-02-02 2:01PM EST,250.0,1.72,1.71,2.32,0.0,-,71,45,26.56%,18,154.5
AAPL240920C00255000,2023-01-31 11:28AM EST,255.0,1.65,1.86,2.0,0.59,+55.66%,1,3,26.39%,18,154.5
AAPL240920C00260000,2023-02-02 2:09PM EST,260.0,1.27,1.55,1.75,0.0,-,368,470,26.33%,18,154.5
AAPL240920C00270000,2023-01-23 11:48AM EST,270.0,0.88,0.84,1.63,0.0,-,2,1,27.30%,18,154.5
AAPL250117C00050000,2023-02-03 1:42PM EST,50.0,108.0,106.35,109.25,6.38,+6.28%,14,978,62.24%,19,154.5
AAPL250117C00055000,2023-02-03 2:31PM EST,55.0,103.6,101.95,104.9,4.6,+4.65%,3,1598,60.36%,19,154.5
AAPL250117C00060000,2023-02-03 2:39PM EST,60.0,99.99,97.65,100.5,5.8,+6.16%,9,422,58.47%,19,154.5
AAPL250117C00065000,2023-02-03 2:39PM EST,65.0,95.67,93.35,96.15,6.29,+7.04%,13,617,56.61%,19,154.5
AAPL250117C00070000,2023-01-30 12:07PM EST,70.0,80.08,89.05,91.8,0.0,-,2,947,54.69%,19,154.5
AAPL250117C00075000,2023-02-01 3:37PM EST,75.0,77.7,84.9,87.55,0.0,-,27,1510,53.11%,19,154.5
AAPL250117C00080000,2023-02-03 3:01PM EST,80.0,81.5,80.6,83.35,10.95,+15.52%,9,499,51.31%,19,154.5
AAPL250117C00085000,2023-02-03 10:45AM EST,85.0,79.75,76.45,79.2,13.15,+19.74%,1,498,52.97%,19,154.5
AAPL250117C00090000,2023-02-03 1:58PM EST,90.0,74.4,72.45,75.1,5.35,+7.75%,2,620,51.20%,19,154.5
AAPL250117C00095000,2023-01-30 2:18PM EST,95.0,59.05,68.4,71.1,0.0,-,3,2733,49.60%,19,154.5
AAPL250117C00100000,2023-02-03 3:44PM EST,100.0,65.9,64.55,66.4,4.7,+7.68%,184,5388,46.63%,19,154.5
AAPL250117C00105000,2023-02-03 12:51PM EST,105.0,62.6,60.6,62.45,4.9,+8.49%,2,254,45.11%,19,154.5
AAPL250117C00110000,2023-02-03 1:58PM EST,110.0,58.85,56.95,58.65,5.9,+11.14%,32,967,43.79%,19,154.5
AAPL250117C00115000,2023-02-03 1:57PM EST,115.0,55.15,53.65,55.0,4.15,+8.14%,18,1301,42.63%,19,154.5
AAPL250117C00120000,2023-02-03 3:55PM EST,120.0,51.15,49.85,51.4,4.45,+9.53%,530,4155,41.46%,19,154.5
AAPL250117C00125000,2023-02-03 3:26PM EST,125.0,47.85,46.85,47.95,5.35,+12.59%,295,1418,40.41%,19,154.5
AAPL250117C00130000,2023-02-03 3:45PM EST,130.0,44.6,43.45,44.65,5.6,+14.36%,95,12036,39.46%,19,154.5
AAPL250117C00135000,2023-02-03 3:41PM EST,135.0,41.3,40.3,41.4,4.4,+11.92%,146,11352,38.47%,19,154.5
AAPL250117C00140000,2023-02-03 2:24PM EST,140.0,38.25,37.25,38.3,4.1,+12.01%,301,8222,37.57%,19,154.5
AAPL250117C00145000,2023-02-03 3:03PM EST,145.0,34.5,34.25,35.35,3.0,+9.52%,63,5295,36.74%,19,154.5
AAPL250117C00150000,2023-02-03 3:31PM EST,150.0,32.42,31.7,32.45,4.22,+14.96%,396,7592,35.85%,19,154.5
AAPL250117C00155000,2023-02-03 3:46PM EST,155.0,29.6,28.8,29.8,3.3,+12.55%,411,4691,35.14%,19,154.5
AAPL250117C00160000,2023-02-03 3:55PM EST,160.0,27.08,26.55,27.35,3.68,+15.73%,326,6614,34.54%,19,154.5
AAPL250117C00165000,2023-02-03 3:54PM EST,165.0,24.55,23.8,24.8,3.85,+18.60%,100,3123,33.69%,19,154.5
AAPL250117C00170000,2023-02-03 3:34PM EST,170.0,22.29,21.55,22.55,3.61,+19.33%,128,2574,33.06%,19,154.5
AAPL250117C00175000,2023-02-03 2:55PM EST,175.0,20.25,19.45,20.4,3.95,+24.23%,169,2342,32.42%,19,154.5
AAPL250117C00180000,2023-02-03 2:42PM EST,180.0,18.6,17.55,18.45,3.14,+20.31%,893,4928,31.88%,19,154.5
AAPL250117C00185000,2023-02-03 3:19PM EST,185.0,16.65,15.75,16.65,3.15,+23.33%,154,2489,31.38%,19,154.5
AAPL250117C00190000,2023-02-03 3:48PM EST,190.0,14.7,14.05,14.95,2.95,+25.11%,82,2440,30.87%,19,154.5
AAPL250117C00195000,2023-02-03 1:30PM EST,195.0,13.1,12.55,13.4,2.8,+27.18%,85,3111,30.41%,19,154.5
AAPL250117C00200000,2023-02-03 3:48PM EST,200.0,11.6,11.15,12.0,1.85,+18.97%,688,11783,30.00%,19,154.5
AAPL250117C00205000,2023-02-03 12:51PM EST,205.0,10.57,9.95,10.7,2.42,+29.69%,104,453,29.59%,19,154.5
AAPL250117C00210000,2023-02-03 3:40PM EST,210.0,9.2,8.7,9.55,2.01,+27.96%,48,1146,29.25%,19,154.5
AAPL250117C00215000,2023-02-03 11:36AM EST,215.0,8.84,7.7,8.45,2.47,+38.78%,4,1683,28.85%,19,154.5
AAPL250117C00220000,2023-02-03 3:58PM EST,220.0,7.36,7.05,7.45,1.76,+31.43%,31,4047,28.46%,19,154.5
AAPL250117C00225000,2023-02-03 1:09PM EST,225.0,6.37,6.05,6.65,1.24,+24.17%,39,852,28.25%,19,154.5
AAPL250117C00230000,2023-02-03 2:46PM EST,230.0,5.75,5.6,6.2,0.4,+7.48%,247,2859,28.49%,19,154.5
AAPL250117C00235000,2023-02-03 1:32PM EST,235.0,5.0,4.5,5.2,1.2,+31.58%,5,301,27.73%,19,154.5
AAPL250117C00240000,2023-02-03 10:27AM EST,240.0,4.72,3.95,4.6,1.27,+36.81%,3,804,27.52%,19,154.5
AAPL250117C00245000,2023-02-03 10:55AM EST,245.0,4.1,3.85,4.05,1.41,+52.42%,106,329,27.29%,19,154.5
AAPL250117C00250000,2023-02-03 3:51PM EST,250.0,3.45,3.0,3.5,0.65,+23.21%,307,5948,26.94%,19,154.5
AAPL250117C00255000,2023-02-03 1:07PM EST,255.0,2.96,2.91,3.4,0.96,+48.00%,296,105,27.47%,19,154.5
AAPL250117C00260000,2023-02-03 2:20PM EST,260.0,2.72,2.32,3.05,0.64,+30.77%,151,1378,27.40%,19,154.5
AAPL250117C00265000,2023-02-03 1:00PM EST,265.0,2.3,2.31,2.7,0.98,+74.24%,104,145,27.25%,19,154.5
AAPL250117C00270000,2023-02-03 3:20PM EST,270.0,2.12,2.01,2.41,0.47,+28.48%,23,683,27.17%,19,154.5
AAPL250117C00275000,2023-02-03 12:13PM EST,275.0,1.91,1.79,2.15,0.64,+50.39%,6,381,27.08%,19,154.5
AAPL250117C00280000,2023-02-03 3:12PM EST,280.0,1.65,1.52,1.93,0.35,+26.92%,8,818,27.05%,19,154.5
AAPL250117C00285000,2023-02-03 12:06PM EST,285.0,1.52,1.4,1.74,0.72,+90.00%,5,123,27.03%,19,154.5
AAPL250117C00290000,2023-02-03 10:34AM EST,290.0,1.4,1.23,1.57,0.23,+19.66%,154,735,27.03%,19,154.5
AAPL250117C00300000,2023-02-03 3:56PM EST,300.0,1.02,0.99,1.1,0.23,+29.11%,365,2786,26.27%,19,154.5
AAPL250117C00310000,2023-02-03 3:53PM EST,310.0,0.85,0.8,0.9,0.15,+21.43%,1161,4085,26.32%,19,154.5
AAPL250620C00050000,2023-02-03 10:19AM EST,50.0,109.85,106.5,110.25,5.72,+5.49%,18,35,59.07%,20,154.5
AAPL250620C00055000,2023-01-19 3:59PM EST,55.0,83.75,102.15,105.95,0.0,-,1,24,57.21%,20,154.5
AAPL250620C00060000,2023-01-27 12:26PM EST,60.0,90.65,97.95,101.5,0.0,-,2,1,55.30%,20,154.5
AAPL250620C00065000,2023-02-03 10:32AM EST,65.0,96.88,93.65,97.2,6.45,+7.13%,3,2,53.45%,20,154.5
AAPL250620C00070000,2023-02-03 3:57PM EST,70.0,91.98,89.5,93.2,11.38,+14.12%,1,190,52.20%,20,154.5
AAPL250620C00075000,2023-02-01 12:54PM EST,75.0,75.2,85.3,89.05,0.0,-,1,344,50.58%,20,154.5
AAPL250620C00080000,2023-02-02 10:48AM EST,80.0,78.5,81.25,84.9,0.0,-,1,125,53.19%,20,154.5
AAPL250620C00085000,2023-02-03 12:30PM EST,85.0,80.4,77.95,81.0,12.08,+17.68%,4,148,51.76%,20,154.5
AAPL250620C00090000,2023-02-03 10:42AM EST,90.0,77.15,73.35,76.95,7.35,+10.53%,2,369,49.99%,20,154.5
AAPL250620C00095000,2023-02-03 2:14PM EST,95.0,71.95,70.35,73.05,5.15,+7.71%,6,5279,48.49%,20,154.5
AAPL250620C00100000,2023-02-03 10:33AM EST,100.0,69.0,66.5,68.8,7.0,+11.29%,7,198,46.37%,20,154.5
AAPL250620C00105000,2023-02-01 3:53PM EST,105.0,55.14,62.8,65.6,0.0,-,12,147,45.94%,20,154.5
AAPL250620C00110000,2023-02-03 1:49PM EST,110.0,60.8,59.5,61.05,5.4,+9.75%,117,103,43.34%,20,154.5
AAPL250620C00115000,2023-02-03 12:45PM EST,115.0,57.6,55.25,57.65,12.0,+26.32%,10,595,42.46%,20,154.5
AAPL250620C00120000,2023-02-03 2:00PM EST,120.0,53.8,52.5,54.2,5.37,+11.09%,22,1407,41.41%,20,154.5
AAPL250620C00125000,2023-02-03 2:49PM EST,125.0,51.25,49.1,50.7,5.4,+11.78%,5,321,40.23%,20,154.5
AAPL250620C00130000,2023-02-03 2:44PM EST,130.0,47.27,45.85,47.85,4.32,+10.06%,113,1016,39.79%,20,154.5
AAPL250620C00135000,2023-02-03 3:47PM EST,135.0,43.68,43.05,44.35,4.87,+12.55%,17,189,38.45%,20,154.5
AAPL250620C00140000,2023-02-03 1:31PM EST,140.0,40.85,40.05,41.6,4.05,+11.01%,4,457,37.92%,20,154.5
AAPL250620C00145000,2023-02-03 12:26PM EST,145.0,39.16,37.0,38.5,4.45,+12.82%,14,299,36.89%,20,154.5
AAPL250620C00150000,2023-02-03 3:24PM EST,150.0,35.75,34.3,35.85,4.09,+12.92%,48,720,36.28%,20,154.5
AAPL250620C00155000,2023-02-03 3:48PM EST,155.0,32.5,31.65,33.45,3.59,+12.42%,30,1153,35.83%,20,154.5
AAPL250620C00160000,2023-02-03 1:38PM EST,160.0,29.97,29.2,30.95,4.02,+15.49%,142,563,35.18%,20,154.5
AAPL250620C00165000,2023-02-03 1:03PM EST,165.0,27.75,26.8,28.55,3.95,+16.60%,65,1134,34.53%,20,154.5
AAPL250620C00170000,2023-02-03 1:00PM EST,170.0,25.35,24.55,26.3,3.85,+17.91%,12,625,33.94%,20,154.5
AAPL250620C00175000,2023-02-03 12:20PM EST,175.0,24.76,23.0,24.2,4.36,+21.37%,100,221,33.40%,20,154.5
AAPL250620C00180000,2023-02-03 3:52PM EST,180.0,21.4,20.6,22.25,3.15,+17.26%,77,382,32.93%,20,154.5
AAPL250620C00185000,2023-02-03 3:54PM EST,185.0,19.65,18.7,20.35,3.3,+20.18%,14,135,32.40%,20,154.5
AAPL250620C00190000,2023-02-03 1:04PM EST,190.0,18.07,17.0,18.65,3.44,+23.51%,117,221,31.98%,20,154.5
AAPL250620C00195000,2023-02-03 2:55PM EST,195.0,16.35,15.4,16.6,2.39,+17.12%,46,919,31.09%,20,154.5
AAPL250620C00200000,2023-02-03 3:48PM EST,200.0,14.9,14.1,15.1,2.29,+18.16%,95,973,30.68%,20,154.5
AAPL250620C00205000,2023-02-03 12:58PM EST,205.0,13.3,12.6,14.2,2.3,+20.91%,29,71,30.85%,20,154.5
AAPL250620C00210000,2023-02-03 2:32PM EST,210.0,12.3,11.35,12.45,3.1,+33.70%,14,152,29.96%,20,154.5
AAPL250620C00215000,2023-02-02 2:30PM EST,215.0,8.86,10.15,11.3,0.0,-,5,31,29.66%,20,154.5
AAPL250620C00220000,2023-02-03 11:57AM EST,220.0,10.35,9.1,10.2,2.43,+30.68%,11,334,29.32%,20,154.5
AAPL250620C00225000,2023-01-27 2:59PM EST,225.0,8.8,8.2,9.7,2.35,+36.43%,1,158,29.64%,20,154.5
AAPL250620C00230000,2023-02-03 11:31AM EST,230.0,8.54,7.35,8.35,2.89,+51.15%,2,20,28.80%,20,154.5
AAPL250620C00235000,2023-01-31 2:11PM EST,235.0,4.5,6.5,7.95,0.0,-,1,13,29.11%,20,154.5
AAPL250620C00240000,2023-02-02 1:10PM EST,240.0,5.1,5.85,7.2,0.0,-,2,13,28.89%,20,154.5
AAPL250620C00245000,2023-02-03 10:12AM EST,245.0,5.5,5.2,6.55,2.17,+65.17%,1,29,28.74%,20,154.5
AAPL250620C00250000,2023-02-03 12:40PM EST,250.0,5.5,4.6,5.95,1.3,+30.95%,98,1684,28.58%,20,154.5
AAPL251219C00050000,2023-02-03 10:18AM EST,50.0,110.35,107.55,111.45,6.35,+6.11%,11,7,58.00%,21,154.5
AAPL251219C00060000,2023-02-03 10:01AM EST,60.0,100.0,99.2,103.1,11.35,+12.80%,1,2,54.54%,21,154.5
AAPL251219C00065000,2023-02-02 1:05PM EST,65.0,90.5,95.1,99.0,0.0,-,2,193,52.95%,21,154.5
AAPL251219C00070000,2023-02-03 12:02PM EST,70.0,92.15,91.05,94.95,1.9,+2.11%,2,10,51.45%,21,154.5
AAPL251219C00080000,2023-02-03 3:49PM EST,80.0,84.7,83.15,87.05,9.37,+12.44%,4,100,52.57%,21,154.5
AAPL251219C00085000,2023-02-03 1:07PM EST,85.0,81.0,79.3,83.15,6.0,+8.00%,2,2,50.97%,21,154.5
AAPL251219C00095000,2023-02-02 9:44AM EST,95.0,67.93,71.9,75.7,0.0,-,20,24,48.32%,21,154.5
AAPL251219C00100000,2023-02-03 1:54PM EST,100.0,70.5,68.2,71.45,4.8,+7.31%,7,296,46.16%,21,154.5
AAPL251219C00105000,2023-02-02 2:12PM EST,105.0,62.0,65.0,68.5,0.0,-,1,2,45.89%,21,154.5
AAPL251219C00110000,2023-02-01 2:33PM EST,110.0,51.25,61.5,64.9,0.0,-,20,21,44.62%,21,154.5
AAPL251219C00115000,2023-02-02 10:52AM EST,115.0,54.8,57.85,61.4,0.0,-,3,29,43.44%,21,154.5
AAPL251219C00120000,2023-02-03 10:40AM EST,120.0,57.87,54.6,58.05,6.57,+12.81%,2,46,42.40%,21,154.5
AAPL251219C00125000,2023-02-03 10:04AM EST,125.0,52.25,51.65,54.85,3.25,+6.63%,16,31,41.48%,21,154.5
AAPL251219C00130000,2023-02-03 2:15PM EST,130.0,50.78,48.5,51.65,3.72,+7.90%,44,54,40.50%,21,154.5
AAPL251219C00135000,2023-02-03 3:41PM EST,135.0,47.14,45.5,48.7,4.14,+9.63%,2,42,39.74%,21,154.5
AAPL251219C00140000,2023-02-03 3:41PM EST,140.0,44.65,42.6,45.9,5.85,+15.08%,15,108,39.07%,21,154.5
AAPL251219C00145000,2023-02-03 3:47PM EST,145.0,41.28,40.1,43.25,3.76,+10.02%,55,152,38.48%,21,154.5
AAPL251219C00150000,2023-02-03 1:50PM EST,150.0,39.0,38.0,40.65,3.5,+9.86%,88,246,37.86%,21,154.5
AAPL251219C00155000,2023-02-03 1:41PM EST,155.0,36.04,35.0,37.0,3.79,+11.75%,63,25,36.12%,21,154.5
AAPL251219C00160000,2023-02-03 3:19PM EST,160.0,34.0,32.1,35.7,4.0,+13.33%,64,100,36.65%,21,154.5
AAPL251219C00165000,2023-02-03 3:55PM EST,165.0,31.6,30.6,32.5,3.6,+12.86%,42,666,35.22%,21,154.5
AAPL251219C00170000,2023-02-03 3:46PM EST,170.0,29.9,28.0,31.2,5.53,+22.69%,130,166,35.57%,21,154.5
AAPL251219C00175000,2023-02-03 3:33PM EST,175.0,27.25,25.45,29.1,4.25,+18.48%,11,29,35.06%,21,154.5
AAPL251219C00180000,2023-02-03 12:23PM EST,180.0,26.0,25.0,26.5,4.32,+19.93%,36,253,34.00%,21,154.5
AAPL251219C00185000,2023-02-03 12:15PM EST,185.0,24.02,21.5,25.25,4.14,+20.82%,18,12,34.15%,21,154.5
AAPL251219C00190000,2023-02-03 3:54PM EST,190.0,21.48,19.75,22.5,2.98,+16.11%,7,78,32.79%,21,154.5
AAPL251219C00195000,2023-02-03 1:04PM EST,195.0,19.82,18.1,21.85,2.82,+16.59%,79,163,33.37%,21,154.5
AAPL251219C00200000,2023-02-03 3:48PM EST,200.0,18.3,17.6,18.6,1.3,+7.65%,122,662,31.36%,21,154.5
AAPL251219C00205000,2023-02-03 1:10PM EST,205.0,16.5,15.1,18.85,4.9,+42.24%,2,2,32.69%,21,154.5
AAPL251219C00210000,2023-02-03 3:03PM EST,210.0,15.75,15.0,16.5,2.16,+15.89%,27,6,31.39%,21,154.5
AAPL251219C00215000,2023-02-03 3:41PM EST,215.0,14.01,12.6,16.25,2.32,+19.85%,40,348,32.12%,21,154.5
AAPL251219C00220000,2023-02-03 10:35AM EST,220.0,13.65,11.5,15.1,2.78,+25.57%,3,13,31.88%,21,154.5
AAPL251219C00225000,2023-02-02 12:05PM EST,225.0,9.46,10.5,14.0,0.0,-,6,9,31.63%,21,154.5
AAPL251219C00230000,2023-02-03 12:13PM EST,230.0,11.4,9.5,13.0,2.4,+26.67%,7,66,31.42%,21,154.5
AAPL251219C00235000,2023-02-03 12:17PM EST,235.0,10.6,8.6,12.1,2.62,+32.83%,6,4,31.26%,21,154.5
AAPL251219C00245000,2023-02-03 10:56AM EST,245.0,8.8,8.0,10.45,1.55,+21.38%,142,6,30.94%,21,154.5
AAPL251219C00250000,2023-02-03 2:31PM EST,250.0,7.8,6.9,8.5,1.15,+17.29%,44,355,29.33%,21,154.5
